"期間","購入件数","男性","女性","男性(会員)","男性(非会員)","女性(会員)","女性(非会員)","購入合計","購入平均"
"2023-08-01","0","0","0","0","0","0","0","0","0"
"2023-08-02","0","0","0","0","0","0","0","0","0"
"2023-08-03","0","0","0","0","0","0","0","0","0"
"2023-08-04","0","0","0","0","0","0","0","0","0"
"2023-08-05","0","0","0","0","0","0","0","0","0"
"2023-08-06","0","0","0","0","0","0","0","0","0"
"2023-08-07","0","0","0","0","0","0","0","0","0"
"2023-08-08","0","0","0","0","0","0","0","0","0"
"2023-08-09","0","0","0","0","0","0","0","0","0"
"2023-08-10","0","0","0","0","0","0","0","0","0"
"2023-08-11","0","0","0","0","0","0","0","0","0"
"2023-08-12","0","0","0","0","0","0","0","0","0"
"2023-08-13","0","0","0","0","0","0","0","0","0"
"2023-08-14","0","0","0","0","0","0","0","0","0"
"2023-08-15","0","0","0","0","0","0","0","0","0"
"2023-08-16","0","0","0","0","0","0","0","0","0"
"2023-08-17","0","0","0","0","0","0","0","0","0"
"2023-08-18","0","0","0","0","0","0","0","0","0"
"2023-08-19","0","0","0","0","0","0","0","0","0"
"2023-08-20","0","0","0","0","0","0","0","0","0"
"2023-08-21","0","0","0","0","0","0","0","0","0"
"2023-08-22","0","0","0","0","0","0","0","0","0"
"2023-08-23","0","0","0","0","0","0","0","0","0"
"2023-08-24","0","0","0","0","0","0","0","0","0"
"2023-08-25","0","0","0","0","0","0","0","0","0"
"2023-08-26","1981","2","895","2","0","895","0","27925780","14096.8097"
"2023-08-27","74","0","17","0","0","17","0","678240","9165.4054"
"2023-08-28","4","0","0","0","0","0","0","32000","8000.0000"
"2023-08-29","8","0","2","0","0","2","0","71920","8990.0000"
"2023-08-30","31","0","8","0","0","8","0","294640","9504.5161"
"2023-08-31","8","0","4","0","0","4","0","40000","5000.0000"
"2023-09-01","9","0","2","0","0","2","0","72000","8000.0000"
"2023-09-02","2","0","0","0","0","0","0","16000","8000.0000"
"2023-09-03","4","0","1","0","0","1","0","32000","8000.0000"
"2023-09-04","3","0","1","0","0","1","0","16000","5333.3333"
"2023-09-05","1","0","0","0","0","0","0","8000","8000.0000"
"2023-09-06","20","0","6","0","0","6","0","175620","8781.0000"
"2023-09-07","3","0","1","0","0","1","0","26420","8806.6667"
"2023-09-08","15","0","3","0","0","3","0","115600","7706.6667"
"2023-09-09","5","0","1","0","0","1","0","40220","8044.0000"
"2023-09-10","0","0","0","0","0","0","0","0","0"
"2023-09-11","2","0","0","0","0","0","0","16000","8000.0000"
"2023-09-12","1","0","1","0","0","1","0","8000","8000.0000"
"2023-09-13","1","0","1","0","0","1","0","8000","8000.0000"
"2023-09-14","1","0","1","0","0","1","0","8000","8000.0000"
"2023-09-15","2","0","1","0","0","1","0","16000","8000.0000"
"2023-09-16","2","0","1","0","0","1","0","16000","8000.0000"
"2023-09-17","1","0","0","0","0","0","0","8000","8000.0000"
"2023-09-18","2","0","2","0","0","2","0","16000","8000.0000"
"2023-09-19","1","0","0","0","0","0","0","8000","8000.0000"
"2023-09-20","1","0","0","0","0","0","0","8000","8000.0000"
"2023-09-21","1","0","0","0","0","0","0","8000","8000.0000"
"2023-09-22","3","0","0","0","0","0","0","24220","8073.3333"
"2023-09-23","3","0","1","0","0","1","0","24000","8000.0000"
"2023-09-24","0","0","0","0","0","0","0","0","0"
"2023-09-25","1","0","1","0","0","1","0","8000","8000.0000"
"2023-09-26","0","0","0","0","0","0","0","0","0"
"2023-09-27","2","0","0","0","0","0","0","16000","8000.0000"
"2023-09-28","0","0","0","0","0","0","0","0","0"
"2023-09-29","0","0","0","0","0","0","0","0","0"
"2023-09-30","1","0","0","0","0","0","0","8000","8000.0000"
"2023-10-01","3","0","0","0","0","0","0","24220","8073.3333"
"2023-10-02","2","0","0","0","0","0","0","16220","8110.0000"
"2023-10-03","1","0","0","0","0","0","0","8000","8000.0000"
"2023-10-04","2","0","0","0","0","0","0","16000","8000.0000"
"2023-10-05","1","0","0","0","0","0","0","0","0.0000"
"2023-10-06","1","0","1","0","0","1","0","8000","8000.0000"
"2023-10-07","1","0","0","0","0","0","0","8000","8000.0000"
"2023-10-08","2","0","0","0","0","0","0","16000","8000.0000"
"2023-10-09","1","0","0","0","0","0","0","8000","8000.0000"
"2023-10-10","0","0","0","0","0","0","0","0","0"
"2023-10-11","1","0","0","0","0","0","0","8000","8000.0000"
"2023-10-12","1","0","0","0","0","0","0","8000","8000.0000"
"2023-10-13","5","0","3","0","0","3","0","40000","8000.0000"
"2023-10-14","2","0","1","0","0","1","0","16000","8000.0000"
"2023-10-15","3","0","2","0","0","2","0","24220","8073.3333"
"2023-10-16","3","0","1","0","0","1","0","24000","8000.0000"
"2023-10-17","4","0","1","0","0","1","0","32220","8055.0000"
"2023-10-18","7","0","0","0","0","0","0","57320","8188.5714"
"2023-10-19","3","0","0","0","0","0","0","24000","8000.0000"
"2023-10-20","0","0","0","0","0","0","0","0","0"
"2023-10-21","3292","16","1802","16","0","1802","0","53213760","16164.5687"
"2023-10-22","2","0","1","0","0","1","0","16000","8000.0000"
"2023-10-23","14","0","8","0","0","8","0","249940","17852.8571"
"2023-10-24","3","0","1","0","0","1","0","24220","8073.3333"
"2023-10-25","36","0","20","0","0","20","0","482590","13405.2778"
"2023-10-26","4","2","2","2","0","2","0","44320","11080.0000"
"2023-10-27","0","0","0","0","0","0","0","0","0"
"2023-10-28","3","0","2","0","0","2","0","22600","7533.3333"
"2023-10-29","6","0","3","0","0","3","0","96620","16103.3333"
"2023-10-30","4","0","1","0","0","1","0","44100","11025.0000"
"2023-10-31","0","0","0","0","0","0","0","0","0"
"2023-11-01","0","0","0","0","0","0","0","0","0"
"2023-11-02","1","0","0","0","0","0","0","8000","8000.0000"
"2023-11-03","949","0","425","0","0","425","0","5480330","5774.8472"
"2023-11-04","720","1","239","1","0","239","0","4055990","5633.3194"
"2023-11-05","655","1","220","1","0","220","0","3663590","5593.2672"
"2023-11-06","37","0","6","0","0","6","0","467600","12637.8378"
"2023-11-07","11","0","6","0","0","6","0","124300","11300.0000"
"2023-11-08","23","0","8","0","0","8","0","257040","11175.6522"
"2023-11-09","3","0","1","0","0","1","0","27300","9100.0000"
"2023-11-10","1","0","0","0","0","0","0","8000","8000.0000"
"2023-11-11","3","0","1","0","0","1","0","24220","8073.3333"
"2023-11-12","1","0","0","0","0","0","0","11300","11300.0000"
"2023-11-13","6","0","3","0","0","3","0","120820","20136.6667"
"2023-11-14","3","0","2","0","0","2","0","31700","10566.6667"
"2023-11-15","0","0","0","0","0","0","0","0","0"
"2023-11-16","0","0","0","0","0","0","0","0","0"
"2023-11-17","2","0","0","0","0","0","0","40200","20100.0000"
"2023-11-18","2159","12","1164","12","0","1164","0","45302120","20982.9180"
"2023-11-19","40","0","14","0","0","14","0","361580","9039.5000"
"2023-11-20","9","0","3","0","0","3","0","118970","13218.8889"
"2023-11-21","8","0","2","0","0","2","0","141440","17680.0000"
"2023-11-22","32","0","10","0","0","10","0","509110","15909.6875"
"2023-11-23","4","0","1","0","0","1","0","24220","6055.0000"
"2023-11-24","1","0","0","0","0","0","0","8220","8220.0000"
"2023-11-25","1","0","0","0","0","0","0","8000","8000.0000"
"2023-11-26","5","0","2","0","0","2","0","40550","8110.0000"
"2023-11-27","1","0","0","0","0","0","0","8000","8000.0000"
"2023-11-28","1","0","0","0","0","0","0","15700","15700.0000"
"2023-11-29","1","0","0","0","0","0","0","8000","8000.0000"
"2023-11-30","1","0","0","0","0","0","0","0","0.0000"
"2023-12-01","3","0","1","0","0","1","0","24220","8073.3333"
"2023-12-02","0","0","0","0","0","0","0","0","0"
"2023-12-03","2","0","0","0","0","0","0","23700","11850.0000"
"2023-12-04","1","0","1","0","0","1","0","23620","23620.0000"
"2023-12-05","0","0","0","0","0","0","0","0","0"
"2023-12-06","0","0","0","0","0","0","0","0","0"
"2023-12-07","25","0","5","0","0","5","0","586540","23461.6000"
"2023-12-08","0","0","0","0","0","0","0","0","0"
"2023-12-09","1","0","1","0","0","1","0","8220","8220.0000"
"2023-12-10","0","0","0","0","0","0","0","0","0"
"2023-12-11","2","0","1","0","0","1","0","47240","23620.0000"
"2023-12-12","1","0","0","0","0","0","0","11300","11300.0000"
"2023-12-13","0","0","0","0","0","0","0","0","0"
"2023-12-14","19","0","7","0","0","7","0","445040","23423.1579"
"2023-12-15","0","0","0","0","0","0","0","0","0"
"2023-12-16","26","0","8","0","0","8","0","597620","22985.3846"
"2023-12-17","5","0","1","0","0","1","0","117220","23444.0000"
"2023-12-18","0","0","0","0","0","0","0","0","0"
"2023-12-19","0","0","0","0","0","0","0","0","0"
"2023-12-20","2","0","0","0","0","0","0","46800","23400.0000"
"2023-12-21","0","0","0","0","0","0","0","0","0"
"2023-12-22","0","0","0","0","0","0","0","0","0"
"2023-12-23","0","0","0","0","0","0","0","0","0"
"2023-12-24","1","0","0","0","0","0","0","8000","8000.0000"
"2023-12-25","0","0","0","0","0","0","0","0","0"
"2023-12-26","0","0","0","0","0","0","0","0","0"
"2023-12-27","0","0","0","0","0","0","0","0","0"
"2023-12-28","0","0","0","0","0","0","0","0","0"
"2023-12-29","0","0","0","0","0","0","0","0","0"
"2023-12-30","0","0","0","0","0","0","0","0","0"
"2023-12-31","0","0","0","0","0","0","0","0","0"
"2024-01-01","0","0","0","0","0","0","0","0","0"
"2024-01-02","1","0","1","0","0","1","0","15920","15920.0000"
"2024-01-03","0","0","0","0","0","0","0","0","0"
"2024-01-04","0","0","0","0","0","0","0","0","0"
"2024-01-05","0","0","0","0","0","0","0","0","0"
"2024-01-06","8","0","3","0","0","3","0","154420","19302.5000"
"2024-01-07","1","0","0","0","0","0","0","8000","8000.0000"
"2024-01-08","1","0","0","0","0","0","0","8000","8000.0000"
"2024-01-09","2","0","1","0","0","1","0","22600","11300.0000"
"2024-01-10","0","0","0","0","0","0","0","0","0"
"2024-01-11","0","0","0","0","0","0","0","0","0"
"2024-01-12","0","0","0","0","0","0","0","0","0"
"2024-01-13","0","0","0","0","0","0","0","0","0"
"2024-01-14","1","0","0","0","0","0","0","8000","8000.0000"
"2024-01-15","1","0","0","0","0","0","0","8000","8000.0000"
"2024-01-16","0","0","0","0","0","0","0","0","0"
"2024-01-17","0","0","0","0","0","0","0","0","0"
"2024-01-18","1","0","0","0","0","0","0","0","0.0000"
"2024-01-19","0","0","0","0","0","0","0","0","0"
"2024-01-20","0","0","0","0","0","0","0","0","0"
"2024-01-21","0","0","0","0","0","0","0","0","0"
"2024-01-22","1","0","0","0","0","0","0","8220","8220.0000"
"2024-01-23","0","0","0","0","0","0","0","0","0"
"2024-01-24","1","0","1","0","0","1","0","8000","8000.0000"
"2024-01-25","3","0","0","0","0","0","0","47020","15673.3333"
"2024-01-26","0","0","0","0","0","0","0","0","0"
"2024-01-27","0","0","0","0","0","0","0","0","0"
"2024-01-28","0","0","0","0","0","0","0","0","0"
"2024-01-29","0","0","0","0","0","0","0","0","0"
"2024-01-30","0","0","0","0","0","0","0","0","0"
"2024-01-31","0","0","0","0","0","0","0","0","0"
"2024-02-01","0","0","0","0","0","0","0","0","0"
"2024-02-02","0","0","0","0","0","0","0","0","0"
"2024-02-03","0","0","0","0","0","0","0","0","0"
"2024-02-04","0","0","0","0","0","0","0","0","0"
"2024-02-05","0","0","0","0","0","0","0","0","0"
"2024-02-06","0","0","0","0","0","0","0","0","0"
"2024-02-07","0","0","0","0","0","0","0","0","0"
"2024-02-08","0","0","0","0","0","0","0","0","0"
"2024-02-09","0","0","0","0","0","0","0","0","0"
"2024-02-10","1","0","1","0","0","1","0","8000","8000.0000"
"2024-02-11","0","0","0","0","0","0","0","0","0"
"2024-02-12","1","0","0","0","0","0","0","8000","8000.0000"
"2024-02-13","0","0","0","0","0","0","0","0","0"
"2024-02-14","1","0","1","0","0","1","0","8000","8000.0000"
"2024-02-15","0","0","0","0","0","0","0","0","0"
"2024-02-16","0","0","0","0","0","0","0","0","0"
"2024-02-17","0","0","0","0","0","0","0","0","0"
"2024-02-18","0","0","0","0","0","0","0","0","0"
"2024-02-19","0","0","0","0","0","0","0","0","0"
"2024-02-20","0","0","0","0","0","0","0","0","0"
"2024-02-21","1","0","0","0","0","0","0","8000","8000.0000"
"2024-02-22","1","0","0","0","0","0","0","8000","8000.0000"
"2024-02-23","0","0","0","0","0","0","0","0","0"
"2024-02-24","0","0","0","0","0","0","0","0","0"
"2024-02-25","0","0","0","0","0","0","0","0","0"
"2024-02-26","1","0","1","0","0","1","0","8000","8000.0000"
"2024-02-27","0","0","0","0","0","0","0","0","0"
"2024-02-28","0","0","0","0","0","0","0","0","0"
"2024-02-29","0","0","0","0","0","0","0","0","0"
"2024-03-01","0","0","0","0","0","0","0","0","0"
"2024-03-02","4530","23","2533","23","0","2533","0","55182440","12181.5541"
"2024-03-03","50","0","16","0","0","16","0","674560","13491.2000"
"2024-03-04","2","0","0","0","0","0","0","28540","14270.0000"
"2024-03-05","3","0","0","0","0","0","0","42810","14270.0000"
"2024-03-06","50","0","20","0","0","20","0","512530","10250.6000"
"2024-03-07","5","0","1","0","0","1","0","71350","14270.0000"
"2024-03-08","1","0","0","0","0","0","0","14270","14270.0000"
"2024-03-09","954","1","434","1","0","434","0","6995760","7333.0818"
"2024-03-10","247","0","73","0","0","73","0","1801210","7292.3482"
"2024-03-11","27","0","9","0","0","9","0","197110","7300.3704"
"2024-03-12","9","0","4","0","0","4","0","36370","4041.1111"
"2024-03-13","22","0","9","0","0","9","0","134780","6126.3636"
"2024-03-14","13","0","2","0","0","2","0","85410","6570.0000"
"2024-03-15","12","0","0","0","0","0","0","81700","6808.3333"
"2024-03-16","153","0","69","0","0","69","0","2046140","13373.4641"
"2024-03-17","13","0","4","0","0","4","0","108950","8380.7692"
"2024-03-18","26","0","12","0","0","12","0","231790","8915.0000"
"2024-03-19","6","0","3","0","0","3","0","39750","6625.0000"
"2024-03-20","10","0","6","0","0","6","0","131480","13148.0000"
"2024-03-21","7","0","1","0","0","1","0","74810","10687.1429"
"2024-03-22","56","0","19","0","0","19","0","686840","12265.0000"
"2024-03-23","5","0","2","0","0","2","0","52540","10508.0000"
"2024-03-24","1","0","0","0","0","0","0","14270","14270.0000"
"2024-03-25","1","0","0","0","0","0","0","8000","8000.0000"
"2024-03-26","2","0","0","0","0","0","0","28540","14270.0000"
"2024-03-27","5","0","0","0","0","0","0","65080","13016.0000"
"2024-03-28","3","0","2","0","0","2","0","28540","9513.3333"
"2024-03-29","2","0","2","0","0","2","0","14270","7135.0000"
"2024-03-30","1","0","0","0","0","0","0","0","0.0000"
"2024-03-31","4","0","0","0","0","0","0","47400","11850.0000"
"2024-04-01","1","0","0","0","0","0","0","14270","14270.0000"
"2024-04-02","1","0","0","0","0","0","0","4590","4590.0000"
"2024-04-03","4","0","1","0","0","1","0","37940","9485.0000"
"2024-04-04","5","0","0","0","0","0","0","36920","7384.0000"
"2024-04-05","6","0","3","0","0","3","0","27760","4626.6667"
"2024-04-06","5","0","2","0","0","2","0","27240","5448.0000"
"2024-04-07","2","0","0","0","0","0","0","17980","8990.0000"
"2024-04-08","6","0","2","0","0","2","0","37220","6203.3333"
"2024-04-09","3","0","0","0","0","0","0","23670","7890.0000"
"2024-04-10","3","0","1","0","0","1","0","23670","7890.0000"
"2024-04-11","3","0","2","0","0","2","0","13470","4490.0000"
"2024-04-12","4","0","2","0","0","2","0","4810","1202.5000"
"2024-04-13","10","0","3","0","0","3","0","53880","5388.0000"
"2024-04-14","12","0","3","0","0","3","0","82140","6845.0000"
"2024-04-15","5","0","2","0","0","2","0","27680","5536.0000"
"2024-04-16","3","0","0","0","0","0","0","27960","9320.0000"
"2024-04-17","2","0","1","0","0","1","0","9180","4590.0000"
"2024-04-18","5","0","1","0","0","1","0","18360","3672.0000"
"2024-04-19","192","1","53","1","0","53","0","1673500","8716.1458"
"2024-04-20","34","0","13","0","0","13","0","281350","8275.0000"
"2024-04-21","8","0","6","0","0","6","0","57180","7147.5000"
"2024-04-22","4","0","0","0","0","0","0","28590","7147.5000"
"2024-04-23","7","0","3","0","0","3","0","45990","6570.0000"
"2024-04-24","2","0","1","0","0","1","0","4590","2295.0000"
"2024-04-25","2","0","0","0","0","0","0","9400","4700.0000"
"2024-04-26","2","0","0","0","0","0","0","12590","6295.0000"
"2024-04-27","3","0","0","0","0","0","0","17400","5800.0000"
"2024-04-28","0","0","0","0","0","0","0","0","0"
"2024-04-29","7","0","1","0","0","1","0","44590","6370.0000"
"2024-04-30","1","0","0","0","0","0","0","0","0.0000"
"2024-05-01","3","0","0","0","0","0","0","17180","5726.6667"
"2024-05-02","0","0","0","0","0","0","0","0","0"
"2024-05-03","2","0","1","0","0","1","0","9400","4700.0000"
"2024-05-04","0","0","0","0","0","0","0","0","0"
"2024-05-05","0","0","0","0","0","0","0","0","0"
"2024-05-06","2","0","0","0","0","0","0","9180","4590.0000"
"2024-05-07","2","0","1","0","0","1","0","9400","4700.0000"
"2024-05-08","2","0","0","0","0","0","0","9400","4700.0000"
"2024-05-09","106","0","55","0","0","55","0","1018060","9604.3396"
"2024-05-10","64","0","26","0","0","26","0","387260","6050.9375"
"2024-05-11","10","0","5","0","0","5","0","54810","5481.0000"
"2024-05-12","21","0","8","0","0","8","0","127630","6077.6190"
"2024-05-13","8","0","4","0","0","4","0","63670","7958.7500"
"2024-05-14","5","0","2","0","0","2","0","27900","5580.0000"
"2024-05-15","8","0","4","0","0","4","0","50580","6322.5000"
"2024-05-16","5","0","0","0","0","0","0","23170","4634.0000"
"2024-05-17","8","0","4","0","0","4","0","36940","4617.5000"
"2024-05-18","4","0","2","0","0","2","0","19020","4755.0000"
"2024-05-19","6","0","3","0","0","3","0","27540","4590.0000"
"2024-05-20","3","0","2","0","0","2","0","14430","4810.0000"
"2024-05-21","4","0","1","0","0","1","0","13770","3442.5000"
"2024-05-22","1","0","0","0","0","0","0","4590","4590.0000"
"2024-05-23","3","0","1","0","0","1","0","27300","9100.0000"
"2024-05-24","1","0","0","0","0","0","0","14490","14490.0000"
"2024-05-25","5135","23","2542","23","0","2542","0","71637340","13950.7965"
"2024-05-26","454","0","135","0","0","135","0","5228210","11515.8811"
"2024-05-27","50","0","14","0","0","14","0","536180","10723.6000"
"2024-05-28","29","0","6","0","0","6","0","348600","12020.6897"
"2024-05-29","92","0","34","0","0","34","0","949540","10321.0870"
"2024-05-30","44","0","19","0","0","19","0","276320","6280.0000"
"2024-05-31","30","0","9","0","0","9","0","218550","7285.0000"
"2024-06-01","48","0","20","0","0","20","0","508750","10598.9583"
"2024-06-02","35","0","15","0","0","15","0","369940","10569.7143"
"2024-06-03","29","0","8","0","0","8","0","268400","9255.1724"
"2024-06-04","16","0","6","0","0","6","0","150420","9401.2500"
"2024-06-05","13","0","4","0","0","4","0","126420","9724.6154"
"2024-06-06","11","0","1","0","0","1","0","120040","10912.7273"
"2024-06-07","14","0","4","0","0","4","0","164060","11718.5714"
"2024-06-08","5","0","2","0","0","2","0","43000","8600.0000"
"2024-06-09","10","0","2","0","0","2","0","104640","10464.0000"
"2024-06-10","3","0","1","0","0","1","0","33900","11300.0000"
"2024-06-11","79","0","19","0","0","19","0","742500","9398.7342"
"2024-06-12","14","0","2","0","0","2","0","130370","9312.1429"
"2024-06-13","8","0","1","0","0","1","0","81820","10227.5000"
"2024-06-14","8","0","2","0","0","2","0","87540","10942.5000"
"2024-06-15","1298","1","601","1","0","601","0","13471730","10378.8367"
"2024-06-16","90","0","20","0","0","20","0","867840","9642.6667"
"2024-06-17","7","0","1","0","0","1","0","91860","13122.8571"
"2024-06-18","7","0","1","0","0","1","0","73600","10514.2857"
"2024-06-19","19","0","5","0","0","5","0","183680","9667.3684"
"2024-06-20","8","0","3","0","0","3","0","101620","12702.5000"
"2024-06-21","18","0","2","0","0","2","0","208240","11568.8889"
"2024-06-22","174","0","65","0","0","65","0","1471860","8458.9655"
"2024-06-23","36","0","5","0","0","5","0","419340","11648.3333"
"2024-06-24","12","0","5","0","0","5","0","135820","11318.3333"
"2024-06-25","20","0","5","0","0","5","0","240740","12037.0000"
"2024-06-26","19","0","4","0","0","4","0","209420","11022.1053"
"2024-06-27","16","0","4","0","0","4","0","147620","9226.2500"
"2024-06-28","8","0","1","0","0","1","0","86000","10750.0000"
"2024-06-29","5","0","2","0","0","2","0","60900","12180.0000"
"2024-06-30","13","0","2","0","0","2","0","150420","11570.7692"
"2024-07-01","11","0","6","0","0","6","0","117400","10672.7273"
"2024-07-02","8","0","1","0","0","1","0","89300","11162.5000"
"2024-07-03","6","0","1","0","0","1","0","76600","12766.6667"
"2024-07-04","7","0","4","0","0","4","0","83720","11960.0000"
"2024-07-05","6","0","4","0","0","4","0","68240","11373.3333"
"2024-07-06","5","0","0","0","0","0","0","55400","11080.0000"
"2024-07-07","9","0","3","0","0","3","0","108960","12106.6667"
"2024-07-08","7","0","1","0","0","1","0","86800","12400.0000"
"2024-07-09","9","0","3","0","0","3","0","114020","12668.8889"
"2024-07-10","5","0","0","0","0","0","0","58620","11724.0000"
"2024-07-11","4","0","1","0","0","1","0","58400","14600.0000"
"2024-07-12","2","0","0","0","0","0","0","21500","10750.0000"
"2024-07-13","5","0","1","0","0","1","0","70800","14160.0000"
"2024-07-14","5","0","1","0","0","1","0","55400","11080.0000"
"2024-07-15","7","0","1","0","0","1","0","89220","12745.7143"
"2024-07-16","0","0","0","0","0","0","0","0","0"
"2024-07-17","3","0","0","0","0","0","0","24800","8266.6667"
"2024-07-18","6","0","2","0","0","2","0","74400","12400.0000"
"2024-07-19","3","0","2","0","0","2","0","33900","11300.0000"
"2024-07-20","7","0","3","0","0","3","0","81190","11598.5714"
"2024-07-21","1","0","1","0","0","1","0","12400","12400.0000"
"2024-07-22","3","0","0","0","0","0","0","37420","12473.3333"
"2024-07-23","27","0","9","0","0","9","0","284200","10525.9259"
"2024-07-24","11","0","5","0","0","5","0","136840","12440.0000"
"2024-07-25","2","0","0","0","0","0","0","25020","12510.0000"
"2024-07-26","4","0","0","0","0","0","0","49600","12400.0000"
"2024-07-27","2422","11","1319","11","0","1319","0","34300800","14162.1800"
"2024-07-28","437","0","141","0","0","141","0","3333420","7627.9634"
"2024-07-29","69","0","14","0","0","14","0","452780","6562.0290"
"2024-07-30","31","0","10","0","0","10","0","210160","6779.3548"
"2024-07-31","52","0","16","0","0","16","0","351760","6764.6154"
"2024-08-01","25","0","8","0","0","8","0","181960","7278.4000"
"2024-08-02","10","0","1","0","0","1","0","58880","5888.0000"
"2024-08-03","10","0","2","0","0","2","0","78020","7802.0000"
"2024-08-04","17","0","3","0","0","3","0","117300","6900.0000"
"2024-08-05","11","0","1","0","0","1","0","70620","6420.0000"
"2024-08-06","9","0","1","0","0","1","0","72000","8000.0000"
"2024-08-07","6","0","1","0","0","1","0","35020","5836.6667"
"2024-08-08","9","0","4","0","0","4","0","61110","6790.0000"
"2024-08-09","7","0","2","0","0","2","0","54020","7717.1429"
"2024-08-10","4","0","0","0","0","0","0","23200","5800.0000"
"2024-08-11","5","0","1","0","0","1","0","29000","5800.0000"
"2024-08-12","13","0","7","0","0","7","0","59240","4556.9231"
"2024-08-13","8","0","3","0","0","3","0","48220","6027.5000"
"2024-08-14","5","0","2","0","0","2","0","29220","5844.0000"
"2024-08-15","4","0","1","0","0","1","0","23200","5800.0000"
"2024-08-16","4","0","1","0","0","1","0","23420","5855.0000"
"2024-08-17","6","0","2","0","0","2","0","26090","4348.3333"
"2024-08-18","6","0","2","0","0","2","0","34800","5800.0000"
"2024-08-19","9","0","2","0","0","2","0","41260","4584.4444"
"2024-08-20","3","0","1","0","0","1","0","18420","6140.0000"
"2024-08-21","9","0","2","0","0","2","0","52640","5848.8889"
"2024-08-22","7","0","2","0","0","2","0","41040","5862.8571"
"2024-08-23","4","0","2","0","0","2","0","23420","5855.0000"
"2024-08-24","2785","6","1533","6","0","1533","0","47903320","17200.4740"
"2024-08-25","204","0","73","0","0","73","0","2500120","12255.4902"
"2024-08-26","29","0","6","0","0","6","0","305040","10518.6207"
"2024-08-27","16","0","6","0","0","6","0","151760","9485.0000"
"2024-08-28","58","0","16","0","0","16","0","620970","10706.3793"
"2024-08-29","26","0","7","0","0","7","0","219420","8439.2308"
"2024-08-30","27","0","4","0","0","4","0","183040","6779.2593"
"2024-08-31","34","1","12","1","0","12","0","259680","7637.6471"
"2024-09-01","24","0","9","0","0","9","0","191340","7972.5000"
"2024-09-02","16","0","5","0","0","5","0","49620","3101.2500"
"2024-09-03","21","0","7","0","0","7","0","130780","6227.6190"
"2024-09-04","23","0","6","0","0","6","0","180350","7841.3043"
"2024-09-05","23","0","7","0","0","7","0","224540","9762.6087"
"2024-09-06","8","0","5","0","0","5","0","67740","8467.5000"
"2024-09-07","11","0","2","0","0","2","0","89570","8142.7273"
"2024-09-08","7","0","2","0","0","2","0","55120","7874.2857"
"2024-09-09","7","0","1","0","0","1","0","53500","7642.8571"
"2024-09-10","10","0","2","0","0","2","0","79560","7956.0000"
"2024-09-11","10","0","3","0","0","3","0","64520","6452.0000"
"2024-09-12","17","0","4","0","0","4","0","121040","7120.0000"
"2024-09-13","9","0","1","0","0","1","0","62540","6948.8889"
"2024-09-14","96","0","34","0","0","34","0","1035740","10788.9583"
"2024-09-15","24","0","8","0","0","8","0","217300","9054.1667"
"2024-09-16","14","0","3","0","0","3","0","111120","7937.1429"
"2024-09-17","5","0","2","0","0","2","0","47040","9408.0000"
"2024-09-18","4","0","1","0","0","1","0","32220","8055.0000"
"2024-09-19","5","0","0","0","0","0","0","23200","4640.0000"
"2024-09-20","8","0","4","0","0","4","0","65100","8137.5000"
"2024-09-21","4624","16","2553","16","0","2553","0","91164800","19715.5709"
"2024-09-22","498","0","193","0","0","193","0","7250120","14558.4739"
"2024-09-23","100","0","28","0","0","28","0","1498610","14986.1000"
"2024-09-24","45","0","19","0","0","19","0","555360","12341.3333"
"2024-09-25","99","0","31","0","0","31","0","1093900","11049.4949"
"2024-09-26","74","0","29","0","0","29","0","833770","11267.1622"
"2024-09-27","69","1","31","1","0","31","0","613480","8891.0145"
"2024-09-28","246","0","101","0","0","101","0","2496510","10148.4146"
"2024-09-29","140","0","50","0","0","50","0","1423470","10167.6429"
"2024-09-30","87","0","30","0","0","30","0","766390","8809.0805"
"2024-10-01","203","0","88","0","0","88","0","1929170","9503.3005"
"2024-10-02","182","0","98","0","0","98","0","1645040","9038.6813"
"2024-10-03","114","0","47","0","0","47","0","1226440","10758.2456"
"2024-10-04","90","0","36","0","0","36","0","882690","9807.6667"
"2024-10-05","154","0","66","0","0","66","0","1554180","10092.0779"
"2024-10-06","210","0","102","0","0","102","0","2049160","9757.9048"
"2024-10-07","27","0","7","0","0","7","0","300520","11130.3704"
"2024-10-08","44","0","11","0","0","11","0","499900","11361.3636"
"2024-10-09","26","0","6","0","0","6","0","468400","18015.3846"
"2024-10-10","23","0","4","0","0","4","0","326700","14204.3478"
"2024-10-11","17","0","6","0","0","6","0","183060","10768.2353"
"2024-10-12","32","0","10","0","0","10","0","469840","14682.5000"
"2024-10-13","27","0","7","0","0","7","0","317860","11772.5926"
"2024-10-14","30","0","10","0","0","10","0","359900","11996.6667"
"2024-10-15","27","0","6","0","0","6","0","333980","12369.6296"
"2024-10-16","19","0","8","0","0","8","0","256280","13488.4211"
"2024-10-17","22","0","7","0","0","7","0","246620","11210.0000"
"2024-10-18","12","0","6","0","0","6","0","103540","8628.3333"
"2024-10-19","19","0","6","0","0","6","0","186100","9794.7368"
"2024-10-20","21","0","12","0","0","12","0","276900","13185.7143"
"2024-10-21","23","1","9","1","0","9","0","266560","11589.5652"
"2024-10-22","545","6","378","6","0","378","0","9798820","17979.4862"
"2024-10-23","74","0","48","0","0","48","0","1269550","17156.0811"
"2024-10-24","94","1","58","1","0","58","0","1429220","15204.4681"
"2024-10-25","12","0","5","0","0","5","0","114320","9526.6667"
"2024-10-26","4056","10","2091","10","0","2091","0","69379630","17105.4315"
"2024-10-27","594","0","181","0","0","181","0","9903880","16673.1987"
"2024-10-28","122","0","34","0","0","34","0","2048610","16791.8852"
"2024-10-29","81","0","20","0","0","20","0","1378540","17019.0123"
"2024-10-30","112","0","34","0","0","34","0","1754120","15661.7857"
"2024-10-31","76","0","19","0","0","19","0","1007690","13259.0789"
"2024-11-01","97","0","27","0","0","27","0","1338490","13798.8660"
"2024-11-02","91","0","22","0","0","22","0","1430390","15718.5714"
"2024-11-03","47","1","8","1","0","8","0","720410","15327.8723"
"2024-11-04","107","0","47","0","0","47","0","1605210","15001.9626"
"2024-11-05","38","0","12","0","0","12","0","457170","12030.7895"
"2024-11-06","63","0","15","0","0","15","0","976700","15503.1746"
"2024-11-07","48","0","12","0","0","12","0","787680","16410.0000"
"2024-11-08","64","0","17","0","0","17","0","1065040","16641.2500"
"2024-11-09","53","0","12","0","0","12","0","920880","17375.0943"
"2024-11-10","53","0","10","0","0","10","0","1097420","20706.0377"
"2024-11-11","48","0","11","0","0","11","0","778870","16226.4583"
"2024-11-12","32","0","8","0","0","8","0","513650","16051.5625"
"2024-11-13","36","1","7","1","0","7","0","546730","15186.9444"
"2024-11-14","47","0","13","0","0","13","0","837430","17817.6596"
"2024-11-15","63","0","12","0","0","12","0","933730","14821.1111"
"2024-11-16","59","0","13","0","0","13","0","1007980","17084.4068"
"2024-11-17","68","0","16","0","0","16","0","1255810","18467.7941"
"2024-11-18","132","0","57","0","0","57","0","1792670","13580.8333"
"2024-11-19","606","2","410","2","0","410","0","13855840","22864.4224"
"2024-11-20","121","0","54","0","0","54","0","2514360","20779.8347"
"2024-11-21","134","0","64","0","0","64","0","2491040","18589.8507"
"2024-11-22","57","0","19","0","0","19","0","914450","16042.9825"
"2024-11-23","4326","23","2354","23","0","2354","0","84944220","19635.7420"
"2024-11-24","366","0","117","0","0","117","0","7888010","21551.9399"
"2024-11-25","135","0","31","0","0","31","0","2603020","19281.6296"
"2024-11-26","88","0","18","0","0","18","0","1846850","20986.9318"
"2024-11-27","132","0","41","0","0","41","0","2331910","17665.9848"
"2024-11-28","109","0","26","0","0","26","0","2213800","20310.0917"
"2024-11-29","57","0","18","0","0","18","0","1203890","21120.8772"
"2024-11-30","72","0","17","0","0","17","0","1422960","19763.3333"
"2024-12-01","79","1","16","1","0","16","0","1501620","19007.8481"
"2024-12-02","75","0","27","0","0","27","0","1134450","15126.0000"
"2024-12-03","75","0","23","0","0","23","0","1236910","16492.1333"
"2024-12-04","65","0","21","0","0","21","0","836660","12871.6923"
"2024-12-05","55","0","24","0","0","24","0","1032310","18769.2727"
"2024-12-06","58","0","28","0","0","28","0","828030","14276.3793"
"2024-12-07","61","0","13","0","0","13","0","1376360","22563.2787"
"2024-12-08","71","0","16","0","0","16","0","1290140","18170.9859"
"2024-12-09","40","0","9","0","0","9","0","773780","19344.5000"
"2024-12-10","41","0","13","0","0","13","0","760750","18554.8780"
"2024-12-11","46","0","7","0","0","7","0","878520","19098.2609"
"2024-12-12","39","0","10","0","0","10","0","765670","19632.5641"
"2024-12-13","55","0","16","0","0","16","0","1036790","18850.7273"
"2024-12-14","48","0","13","0","0","13","0","1075850","22413.5417"
"2024-12-15","58","0","19","0","0","19","0","1131150","19502.5862"
"2024-12-16","42","0","8","0","0","8","0","756430","18010.2381"
"2024-12-17","27","0","7","0","0","7","0","555960","20591.1111"
"2024-12-18","34","0","12","0","0","12","0","649660","19107.6471"
"2024-12-19","23","0","5","0","0","5","0","413910","17996.0870"
"2024-12-20","28","0","8","0","0","8","0","477580","17056.4286"
"2024-12-21","18","0","5","0","0","5","0","330890","18382.7778"
"2024-12-22","27","0","6","0","0","6","0","498370","18458.1481"
"2024-12-23","118","0","28","0","0","28","0","2057230","17434.1525"
"2024-12-24","21","0","8","0","0","8","0","348100","16576.1905"
"2024-12-25","26","0","6","0","0","6","0","433150","16659.6154"
"2024-12-26","22","0","6","0","0","6","0","454300","20650.0000"
"2024-12-27","23","1","4","1","0","4","0","357340","15536.5217"
"2024-12-28","13","0","4","0","0","4","0","253380","19490.7692"
"2024-12-29","13","0","2","0","0","2","0","211360","16258.4615"
"2024-12-30","9","0","2","0","0","2","0","148340","16482.2222"
"2024-12-31","9","0","3","0","0","3","0","174300","19366.6667"
"2025-01-01","11","0","7","0","0","7","0","204710","18610.0000"
"2025-01-02","8","0","0","0","0","0","0","117020","14627.5000"
"2025-01-03","6","0","1","0","0","1","0","89140","14856.6667"
"2025-01-04","7","0","1","0","0","1","0","171500","24500.0000"
"2025-01-05","11","0","3","0","0","3","0","152020","13820.0000"
"2025-01-06","13","0","3","0","0","3","0","267740","20595.3846"
"2025-01-07","38","1","16","1","0","16","0","551500","14513.1579"
"2025-01-08","8","0","2","0","0","2","0","133960","16745.0000"
"2025-01-09","13","0","5","0","0","5","0","213120","16393.8462"
"2025-01-10","15","0","5","0","0","5","0","223430","14895.3333"
"2025-01-11","54","0","26","0","0","26","0","966490","17897.9630"
"2025-01-12","8","0","2","0","0","2","0","134620","16827.5000"
"2025-01-13","7","0","0","0","0","0","0","116720","16674.2857"
"2025-01-14","4","0","1","0","0","1","0","53150","13287.5000"
"2025-01-15","11","0","1","0","0","1","0","176140","16012.7273"
"2025-01-16","11","0","1","0","0","1","0","206690","18790.0000"
"2025-01-17","9","0","3","0","0","3","0","136740","15193.3333"
"2025-01-18","32","1","15","1","0","15","0","335530","10485.3125"
"2025-01-19","6","0","2","0","0","2","0","129070","21511.6667"
"2025-01-20","5","0","1","0","0","1","0","87740","17548.0000"
"2025-01-21","8","0","1","0","0","1","0","163800","20475.0000"
"2025-01-22","7","0","0","0","0","0","0","102200","14600.0000"
"2025-01-23","7","0","0","0","0","0","0","126620","18088.5714"
"2025-01-24","4","0","0","0","0","0","0","54220","13555.0000"
"2025-01-25","0","0","0","0","0","0","0","0","0"
"2025-01-26","7","0","0","0","0","0","0","129920","18560.0000"
"2025-01-27","5","0","1","0","0","1","0","100720","20144.0000"
"2025-01-28","17","0","8","0","0","8","0","234890","13817.0588"
"2025-01-29","9","0","1","0","0","1","0","147680","16408.8889"
"2025-01-30","14","0","1","0","0","1","0","184300","13164.2857"
"2025-01-31","7","0","1","0","0","1","0","81660","11665.7143"
"2025-02-01","6","0","1","0","0","1","0","84740","14123.3333"
"2025-02-02","17","0","6","0","0","6","0","215530","12678.2353"
"2025-02-03","10","0","3","0","0","3","0","146220","14622.0000"
"2025-02-04","7","0","3","0","0","3","0","108140","15448.5714"
"2025-02-05","7","0","2","0","0","2","0","60100","8585.7143"
"2025-02-06","6","0","1","0","0","1","0","68020","11336.6667"
"2025-02-07","5","0","3","0","0","3","0","77620","15524.0000"
"2025-02-08","6664","24","3623","24","0","3623","0","103962050","15600.5477"
"2025-02-09","552","0","189","0","0","189","0","5836870","10574.0399"
"2025-02-10","76","0","27","0","0","27","0","708650","9324.3421"
"2025-02-11","62","0","16","0","0","16","0","630090","10162.7419"
"2025-02-12","751","0","368","0","0","368","0","9329150","12422.3036"
"2025-02-13","265","0","114","0","0","114","0","3052580","11519.1698"
"2025-02-14","73","0","31","0","0","31","0","846110","11590.5479"
"2025-02-15","86","1","32","1","0","32","0","958140","11141.1628"
"2025-02-16","66","0","26","0","0","26","0","769010","11651.6667"
"2025-02-17","29","0","13","0","0","13","0","203390","7013.4483"
"2025-02-18","34","0","16","0","0","16","0","150470","4425.5882"
"2025-02-19","30","0","13","0","0","13","0","113680","3789.3333"
"2025-02-20","21","0","7","0","0","7","0","192840","9182.8571"
"2025-02-21","26","0","11","0","0","11","0","263530","10135.7692"
"2025-02-22","14","0","6","0","0","6","0","138070","9862.1429"
"2025-02-23","19","0","5","0","0","5","0","214810","11305.7895"
"2025-02-24","9","0","3","0","0","3","0","106980","11886.6667"
"2025-02-25","18","0","6","0","0","6","0","159350","8852.7778"
"2025-02-26","7","0","2","0","0","2","0","43000","6142.8571"
"2025-02-27","10","0","2","0","0","2","0","142900","14290.0000"
"2025-02-28","11","0","8","0","0","8","0","83140","7558.1818"
"2025-03-01","12","0","6","0","0","6","0","122950","10245.8333"
"2025-03-02","10","1","3","1","0","3","0","130270","13027.0000"
"2025-03-03","10","0","4","0","0","4","0","116990","11699.0000"
"2025-03-04","13","0","7","0","0","7","0","141570","10890.0000"
"2025-03-05","7","0","3","0","0","3","0","76020","10860.0000"
"2025-03-06","127","0","56","0","0","56","0","1690190","13308.5827"
"2025-03-07","7","0","3","0","0","3","0","69890","9984.2857"
"2025-03-08","155","0","70","0","0","70","0","1267610","8178.1290"
"2025-03-09","43","0","24","0","0","24","0","366880","8532.0930"
"2025-03-10","19","0","9","0","0","9","0","162510","8553.1579"
"2025-03-11","15","0","5","0","0","5","0","173270","11551.3333"
"2025-03-12","19","0","8","0","0","8","0","167320","8806.3158"
"2025-03-13","23","0","6","0","0","6","0","253850","11036.9565"
"2025-03-14","11","0","7","0","0","7","0","96800","8800.0000"
"2025-03-15","14","0","3","0","0","3","0","142800","10200.0000"
"2025-03-16","16","0","6","0","0","6","0","168700","10543.7500"
"2025-03-17","17","0","3","0","0","3","0","163060","9591.7647"
"2025-03-18","31","0","9","0","0","9","0","394080","12712.2581"
"2025-03-19","15","0","5","0","0","5","0","151240","10082.6667"
"2025-03-20","17","0","7","0","0","7","0","184070","10827.6471"
"2025-03-21","14","0","8","0","0","8","0","163620","11687.1429"
"2025-03-22","6573","20","3600","20","0","3600","0","98692260","15014.7969"
"2025-03-23","378","0","111","0","0","111","0","5049650","13358.8624"
"2025-03-24","61","0","28","0","0","28","0","920770","15094.5902"
"2025-03-25","36","0","12","0","0","12","0","503710","13991.9444"
"2025-03-26","1219","1","498","1","0","498","0","14497240","11892.7317"
"2025-03-27","581","1","203","1","0","203","0","7197290","12387.7625"
"2025-03-28","299","0","128","0","0","128","0","3921920","13116.7893"
"2025-03-29","323","0","129","0","0","129","0","3872760","11989.9690"
"2025-03-30","915","0","437","0","0","437","0","11668190","12752.1202"
"2025-03-31","44","0","20","0","0","20","0","354800","8063.6364"
"2025-04-01","36","0","16","0","0","16","0","382240","10617.7778"
"2025-04-02","15","0","5","0","0","5","0","213200","14213.3333"
"2025-04-03","21","0","15","0","0","15","0","251360","11969.5238"
"2025-04-04","18","0","8","0","0","8","0","231780","12876.6667"
"2025-04-05","31","0","13","0","0","13","0","402580","12986.4516"
"2025-04-06","25","0","10","0","0","10","0","317590","12703.6000"
"2025-04-07","10","0","3","0","0","3","0","150540","15054.0000"
"2025-04-08","22","0","11","0","0","11","0","230900","10495.4545"
"2025-04-09","13","0","2","0","0","2","0","181660","13973.8462"
"2025-04-10","11","0","1","0","0","1","0","142370","12942.7273"
"2025-04-11","13","0","7","0","0","7","0","131560","10120.0000"
"2025-04-12","20","0","6","0","0","6","0","293100","14655.0000"
"2025-04-13","15","0","6","0","0","6","0","213720","14248.0000"
"2025-04-14","11","0","6","0","0","6","0","139700","12700.0000"
"2025-04-15","18","0","7","0","0","7","0","252160","14008.8889"
"2025-04-16","12","0","5","0","0","5","0","151440","12620.0000"
"2025-04-17","11","0","2","0","0","2","0","137640","12512.7273"
"2025-04-18","43","0","21","0","0","21","0","574230","13354.1860"
"2025-04-19","11","0","4","0","0","4","0","160820","14620.0000"
"2025-04-20","12","0","2","0","0","2","0","160460","13371.6667"
"2025-04-21","10","0","3","0","0","3","0","119380","11938.0000"
"2025-04-22","7","0","4","0","0","4","0","102860","14694.2857"
"2025-04-23","11","0","4","0","0","4","0","197340","17940.0000"
"2025-04-24","11","0","4","0","0","4","0","174380","15852.7273"
"2025-04-25","2","0","0","0","0","0","0","25900","12950.0000"
"2025-04-26","10","0","4","0","0","4","0","120920","12092.0000"
"2025-04-27","2","0","1","0","0","1","0","21500","10750.0000"
"2025-04-28","8","0","2","0","0","2","0","76600","9575.0000"
"2025-04-29","10","0","4","0","0","4","0","138300","13830.0000"
"2025-04-30","10","0","2","0","0","2","0","178890","17889.0000"
"2025-05-01","14","0","5","0","0","5","0","205420","14672.8571"
"2025-05-02","9","0","4","0","0","4","0","104040","11560.0000"
"2025-05-03","8","0","2","0","0","2","0","109760","13720.0000"
"2025-05-04","6","0","2","0","0","2","0","75500","12583.3333"
"2025-05-05","8","0","0","0","0","0","0","141770","17721.2500"
"2025-05-06","5","0","2","0","0","2","0","75200","15040.0000"
"2025-05-07","2","0","0","0","0","0","0","17020","8510.0000"
"2025-05-08","3","0","1","0","0","1","0","38300","12766.6667"
"2025-05-09","7","0","2","0","0","2","0","90900","12985.7143"
"2025-05-10","4","0","0","0","0","0","0","39920","9980.0000"
"2025-05-11","7","0","4","0","0","4","0","84600","12085.7143"
"2025-05-12","4","0","1","0","0","1","0","55320","13830.0000"
"2025-05-13","6","0","2","0","0","2","0","81440","13573.3333"
"2025-05-14","7","0","2","0","0","2","0","100000","14285.7143"
"2025-05-15","7","0","2","0","0","2","0","99340","14191.4286"
"2025-05-16","10","1","4","1","0","4","0","332450","33245.0000"
"2025-05-17","6602","24","3424","24","0","3424","0","127256190","19275.3999"
"2025-05-18","451","0","164","0","0","164","0","5370530","11908.0488"
"2025-05-19","67","0","20","0","0","20","0","762160","11375.5224"
"2025-05-20","62","1","21","1","0","21","0","666170","10744.6774"
"2025-05-21","118","0","53","0","0","53","0","1252970","10618.3898"
"2025-05-22","74","0","35","0","0","35","0","614890","8309.3243"
"2025-05-23","861","2","364","2","0","364","0","9720270","11289.5122"
"2025-05-24","762","0","344","0","0","344","0","8599200","11285.0394"
"2025-05-25","1165","0","567","0","0","567","0","14193880","12183.5880"
"2025-05-26","54","0","17","0","0","17","0","520010","9629.8148"
"2025-05-27","24","0","12","0","0","12","0","192650","8027.0833"
"2025-05-28","24","0","12","0","0","12","0","175740","7322.5000"
"2025-05-29","31","0","16","0","0","16","0","245130","7907.4194"
"2025-05-30","18","0","11","0","0","11","0","123450","6858.3333"
"2025-05-31","13","0","7","0","0","7","0","135900","10453.8462"
"2025-06-01","14","0","3","0","0","3","0","143570","10255.0000"
"2025-06-02","7","0","2","0","0","2","0","41270","5895.7143"
"2025-06-03","10","0","2","0","0","2","0","90780","9078.0000"
"2025-06-04","7","0","4","0","0","4","0","60320","8617.1429"
"2025-06-05","9","0","4","0","0","4","0","85920","9546.6667"
"2025-06-06","7","0","3","0","0","3","0","59220","8460.0000"
"2025-06-07","1","0","0","0","0","0","0","9430","9430.0000"
"2025-06-08","4","0","0","0","0","0","0","25400","6350.0000"
"2025-06-09","6","1","2","1","0","2","0","51630","8605.0000"
"2025-06-10","2","0","2","0","0","2","0","18860","9430.0000"
"2025-06-11","3","0","1","0","0","1","0","35550","11850.0000"
"2025-06-12","5","0","3","0","0","3","0","69480","13896.0000"
"2025-06-13","7","0","3","0","0","3","0","92080","13154.2857"
"2025-06-14","2","0","0","0","0","0","0","26230","13115.0000"
"2025-06-15","4","0","1","0","0","1","0","41900","10475.0000"
"2025-06-16","2","0","0","0","0","0","0","33600","16800.0000"
"2025-06-17","2","0","1","0","0","1","0","26230","13115.0000"
"2025-06-18","5","0","1","0","0","1","0","56830","11366.0000"
"2025-06-19","2","0","1","0","0","1","0","18530","9265.0000"
"2025-06-20","2","0","1","0","0","1","0","9430","4715.0000"
"2025-06-21","1","0","0","0","0","0","0","17020","17020.0000"
"2025-06-22","3","0","2","0","0","2","0","43030","14343.3333"
"2025-06-23","0","0","0","0","0","0","0","0","0"
"2025-06-24","0","0","0","0","0","0","0","0","0"
"2025-06-25","1","0","1","0","0","1","0","9430","9430.0000"
"2025-06-26","2","0","2","0","0","2","0","16800","8400.0000"
"2025-06-27","0","0","0","0","0","0","0","0","0"
"2025-06-28","2","0","1","0","0","1","0","26230","13115.0000"
"2025-06-29","8","0","2","0","0","2","0","122850","15356.2500"
"2025-06-30","4","0","4","0","0","4","0","33600","8400.0000"
"2025-07-01","12","0","2","0","0","2","0","159170","13264.1667"
"2025-07-02","12","0","6","0","0","6","0","126030","10502.5000"
"2025-07-03","2","0","1","0","0","1","0","26230","13115.0000"
"2025-07-04","1","0","0","0","0","0","0","9650","9650.0000"
"2025-07-05","2","0","0","0","0","0","0","29200","14600.0000"
"2025-07-06","0","0","0","0","0","0","0","0","0"
"2025-07-07","1","0","0","0","0","0","0","20100","20100.0000"
"2025-07-08","2","0","1","0","0","1","0","26230","13115.0000"
"2025-07-09","3288","5","1777","5","0","1777","0","52555720","15984.0998"
"2025-07-10","278","0","111","0","0","111","0","2761020","9931.7266"
"2025-07-11","278","1","148","1","0","148","0","3267570","11753.8489"
"2025-07-12","136","0","73","0","0","73","0","1741070","12801.9853"
"2025-07-13","88","0","42","0","0","42","0","989010","11238.7500"
"2025-07-14","68","0","32","0","0","32","0","478640","7038.8235"
"2025-07-15","40","0","26","0","0","26","0","426630","10665.7500"
"2025-07-16","37","0","19","0","0","19","0","365690","9883.5135"
"2025-07-17","35","0","17","0","0","17","0","280040","8001.1429"
"2025-07-18","48","0","15","0","0","15","0","416320","8673.3333"
"2025-07-19","27","0","9","0","0","9","0","239540","8871.8519"
"2025-07-20","27","0","16","0","0","16","0","333920","12367.4074"
"2025-07-21","13","0","3","0","0","3","0","127760","9827.6923"
"2025-07-22","74","0","40","0","0","40","0","677040","9149.1892"
"2025-07-23","22","0","11","0","0","11","0","278330","12651.3636"
"2025-07-24","12","0","6","0","0","6","0","187960","15663.3333"
"2025-07-25","11","0","1","0","0","1","0","146080","13280.0000"
"2025-07-26","10","0","4","0","0","4","0","147870","14787.0000"
"2025-07-27","17","0","7","0","0","7","0","237970","13998.2353"
"2025-07-28","12","0","4","0","0","4","0","150120","12510.0000"
"2025-07-29","21","0","5","0","0","5","0","217120","10339.0476"
"2025-07-30","14","0","7","0","0","7","0","155010","11072.1429"
"2025-07-31","25","0","11","0","0","11","0","301310","12052.4000"
"2025-08-01","29","0","15","0","0","15","0","368400","12703.4483"
"2025-08-02","21","0","10","0","0","10","0","262160","12483.8095"
"2025-08-03","14","0","6","0","0","6","0","169420","12101.4286"
"2025-08-04","9","0","0","0","0","0","0","92350","10261.1111"
"2025-08-05","19","0","8","0","0","8","0","226800","11936.8421"
"2025-08-06","35","0","11","0","0","11","0","399850","11424.2857"
"2025-08-07","15","0","4","0","0","4","0","184570","12304.6667"
"2025-08-08","15","0","6","0","0","6","0","168790","11252.6667"
"2025-08-09","15","0","6","0","0","6","0","170050","11336.6667"
"2025-08-10","17","0","6","0","0","6","0","213880","12581.1765"
"2025-08-11","15","0","7","0","0","7","0","156850","10456.6667"
"2025-08-12","10","0","6","0","0","6","0","120040","12004.0000"
"2025-08-13","6","0","0","0","0","0","0","63950","10658.3333"
"2025-08-14","8","0","3","0","0","3","0","75000","9375.0000"
"2025-08-15","7","0","1","0","0","1","0","57870","8267.1429"
"2025-08-16","3","0","3","0","0","3","0","36100","12033.3333"
"2025-08-17","16","0","6","0","0","6","0","219960","13747.5000"
"2025-08-18","13","0","4","0","0","4","0","131640","10126.1538"
"2025-08-19","8","0","6","0","0","6","0","59000","7375.0000"
"2025-08-20","10","0","5","0","0","5","0","97770","9777.0000"
"2025-08-21","8","0","4","0","0","4","0","111520","13940.0000"
"2025-08-22","8","0","2","0","0","2","0","123620","15452.5000"
"2025-08-23","3","0","0","0","0","0","0","49520","16506.6667"
"2025-08-24","11","0","8","0","0","8","0","115280","10480.0000"
"2025-08-25","10","0","4","0","0","4","0","113440","11344.0000"
"2025-08-26","7","0","2","0","0","2","0","73050","10435.7143"
"2025-08-27","4961","10","2676","10","0","2676","0","96005690","19352.0843"
"2025-08-28","909","2","399","2","0","399","0","12919180","14212.5193"
"2025-08-29","235","0","96","0","0","96","0","3342890","14225.0638"
"2025-08-30","185","0","80","0","0","80","0","2362860","12772.2162"
"2025-08-31","159","0","58","0","0","58","0","2136270","13435.6604"
"2025-09-01","178","1","85","1","0","85","0","1476680","8295.9551"
"2025-09-02","119","0","60","0","0","60","0","1175890","9881.4286"
"2025-09-03","73","0","27","0","0","27","0","763860","10463.8356"
"2025-09-04","66","0","27","0","0","27","0","708350","10732.5758"
"2025-09-05","68","0","27","0","0","27","0","713020","10485.5882"
"2025-09-06","70","0","25","0","0","25","0","932680","13324.0000"
"2025-09-07","52","1","22","1","0","22","0","673510","12952.1154"
"2025-09-08","49","0","27","0","0","27","0","371370","7578.9796"
"2025-09-09","38","0","16","0","0","16","0","406480","10696.8421"
"2025-09-10","33","0","10","0","0","10","0","377850","11450.0000"
"2025-09-11","36","0","13","0","0","13","0","356290","9896.9444"
"2025-09-12","27","0","5","0","0","5","0","289900","10737.0370"
"2025-09-13","46","0","18","0","0","18","0","531790","11560.6522"
"2025-09-14","49","0","25","0","0","25","0","588020","12000.4082"
"2025-09-15","22","0","7","0","0","7","0","303710","13805.0000"
"2025-09-16","22","1","9","1","0","9","0","259580","11799.0909"
"2025-09-17","37","0","18","0","0","18","0","416100","11245.9459"
"2025-09-18","39","0","17","0","0","17","0","465780","11943.0769"
"2025-09-19","34","0","9","0","0","9","0","392120","11532.9412"
"2025-09-20","22","0","5","0","0","5","0","277750","12625.0000"
"2025-09-21","27","0","13","0","0","13","0","281890","10440.3704"
"2025-09-22","14","0","4","0","0","4","0","119980","8570.0000"
"2025-09-23","19","0","5","0","0","5","0","253310","13332.1053"
"2025-09-24","5376","11","2952","11","0","2952","0","108614420","20203.5751"
"2025-09-25","611","2","260","2","0","260","0","10606240","17358.8216"
"2025-09-26","187","1","68","1","0","68","0","2692170","14396.6310"
"2025-09-27","149","0","64","0","0","64","0","2283970","15328.6577"
"2025-09-28","142","0","35","0","0","35","0","2003350","14108.0986"
"2025-09-29","557","1","295","1","0","295","0","5913060","10615.9066"
"2025-09-30","157","0","70","0","0","70","0","1821340","11600.8917"
"2025-10-01","114","1","54","1","0","54","0","1400800","12287.7193"
"2025-10-02","92","2","32","2","0","32","0","1307460","14211.5217"
"2025-10-03","100","0","27","0","0","27","0","1430290","14302.9000"
"2025-10-04","77","0","29","0","0","29","0","1210000","15714.2857"
"2025-10-05","79","0","28","0","0","28","0","1137560","14399.4937"
"2025-10-06","50","1","23","1","0","23","0","656590","13131.8000"
"2025-10-07","54","0","17","0","0","17","0","634270","11745.7407"
"2025-10-08","52","0","24","0","0","24","0","769820","14804.2308"
"2025-10-09","63","0","18","0","0","18","0","826280","13115.5556"
"2025-10-10","30","0","8","0","0","8","0","397660","13255.3333"
"2025-10-11","58","0","25","0","0","25","0","836350","14419.8276"
"2025-10-12","58","0","13","0","0","13","0","859890","14825.6897"
"2025-10-13","45","0","13","0","0","13","0","612010","13600.2222"
"2025-10-14","33","0","14","0","0","14","0","317690","9626.9697"
"2025-10-15","40","1","20","1","0","20","0","513300","12832.5000"
"2025-10-16","88","0","40","0","0","40","0","1037330","11787.8409"
"2025-10-17","45","0","16","0","0","16","0","507350","11274.4444"
"2025-10-18","51","0","15","0","0","15","0","707640","13875.2941"
"2025-10-19","53","0","19","0","0","19","0","839800","15845.2830"
"2025-10-20","48","1","13","1","0","13","0","613200","12775.0000"
"2025-10-21","39","0","19","0","0","19","0","473600","12143.5897"
"2025-10-22","4663","17","2397","17","0","2397","0","132074420","28323.9159"
"2025-10-23","578","1","207","1","0","207","0","12995910","22484.2734"
"2025-10-24","153","1","48","1","0","48","0","3246720","21220.3922"
"2025-10-25","169","0","50","0","0","50","0","3703360","21913.3728"
"2025-10-26","239","1","87","1","0","87","0","3978680","16647.1967"
"2025-10-27","123","0","48","0","0","48","0","1668540","13565.3659"
"2025-10-28","126","0","55","0","0","55","0","1618170","12842.6190"
"2025-10-29","113","0","34","0","0","34","0","1781710","15767.3451"
"2025-10-30","80","0","35","0","0","35","0","1280890","16011.1250"
"2025-10-31","86","0","26","0","0","26","0","1155130","13431.7442"
"2025-11-01","91","0","32","0","0","32","0","1997400","21949.4505"
"2025-11-02","68","0","20","0","0","20","0","1293760","19025.8824"
"2025-11-03","101","0","29","0","0","29","0","2188830","21671.5842"
"2025-11-04","109","0","40","0","0","40","0","1507240","13827.8899"
"2025-11-05","82","0","22","0","0","22","0","1789270","21820.3659"
"2025-11-06","56","0","16","0","0","16","0","1123740","20066.7857"
"2025-11-07","75","0","24","0","0","24","0","1293740","17249.8667"
"2025-11-08","68","0","21","0","0","21","0","1501550","22081.6176"
"2025-11-09","78","0","19","0","0","19","0","1730820","22190.0000"
"2025-11-10","59","0","19","0","0","19","0","1007010","17067.9661"
"2025-11-11","54","0","16","0","0","16","0","1147220","21244.8148"
"2025-11-12","84","0","32","0","0","32","0","1756610","20912.0238"
"2025-11-13","77","1","20","1","0","20","0","1573720","20437.9221"
"2025-11-14","163","0","86","0","0","86","0","3603640","22108.2209"
"2025-11-15","245","0","148","0","0","148","0","4845990","19779.5510"
"2025-11-16","287","0","165","0","0","165","0","6022860","20985.5749"
"2025-11-17","370","1","221","1","0","221","0","8186810","22126.5135"
"2025-11-18","58","0","22","0","0","22","0","1058340","18247.2414"
"2025-11-19","4742","16","2462","16","0","2462","0","99271010","20934.4180"
"2025-11-20","746","1","267","1","0","267","0","12436070","16670.3351"
"2025-11-21","251","0","108","0","0","108","0","3967010","15804.8207"
"2025-11-22","162","0","51","0","0","51","0","2866140","17692.2222"
"2025-11-23","175","0","68","0","0","68","0","2845620","16260.6857"
"2025-11-24","105","0","38","0","0","38","0","2289250","21802.3810"
"2025-11-25","108","0","32","0","0","32","0","1550910","14360.2778"
"2025-11-26","90","0","37","0","0","37","0","1037450","11527.2222"
"2025-11-27","81","0","32","0","0","32","0","1326980","16382.4691"
"2025-11-28","70","0","24","0","0","24","0","865760","12368.0000"
"2025-11-29","66","0","25","0","0","25","0","1196910","18135.0000"
"2025-11-30","72","0","24","0","0","24","0","1441260","20017.5000"
"2025-12-01","105","0","43","0","0","43","0","1785350","17003.3333"
"2025-12-02","91","0","32","0","0","32","0","1389700","15271.4286"
"2025-12-03","63","0","22","0","0","22","0","1229100","19509.5238"
"2025-12-04","63","0","25","0","0","25","0","1244740","19757.7778"
"2025-12-05","76","0","24","0","0","24","0","1362440","17926.8421"
"2025-12-06","182","0","51","0","0","51","0","4389480","24118.0220"
"2025-12-07","157","0","38","0","0","38","0","3601750","22941.0828"
"2025-12-08","92","1","32","1","0","32","0","1858060","20196.3043"
"2025-12-09","70","0","22","0","0","22","0","1515900","21655.7143"
"2025-12-10","238","0","132","0","0","132","0","3614290","15186.0924"
"2025-12-11","138","0","48","0","0","48","0","3037720","22012.4638"
"2025-12-12","121","0","47","0","0","47","0","2736010","22611.6529"
"2025-12-13","128","1","38","1","0","38","0","2755070","21523.9844"
"2025-12-14","130","1","37","1","0","37","0","2805940","21584.1538"
"2025-12-15","124","1","35","1","0","35","0","2473050","19943.9516"
"2025-12-16","88","0","30","0","0","30","0","1854910","21078.5227"
"2025-12-17","80","0","21","0","0","21","0","1562690","19533.6250"
"2025-12-18","80","0","31","0","0","31","0","1512400","18905.0000"
"2025-12-19","50","0","10","0","0","10","0","1025960","20519.2000"
"2025-12-20","72","0","21","0","0","21","0","1425200","19794.4444"
"2025-12-21","50","0","8","0","0","8","0","1024030","20480.6000"
"2025-12-22","54","0","23","0","0","23","0","966230","17893.1481"
"2025-12-23","43","0","15","0","0","15","0","920570","21408.6047"
"2025-12-24","29","0","10","0","0","10","0","667660","23022.7586"
"2025-12-25","43","0","15","0","0","15","0","926950","21556.9767"
"2025-12-26","35","0","10","0","0","10","0","742110","21203.1429"
"2025-12-27","25","0","9","0","0","9","0","448050","17922.0000"
"2025-12-28","21","0","8","0","0","8","0","408240","19440.0000"
"2025-12-29","13","0","4","0","0","4","0","267900","20607.6923"
"2025-12-30","16","0","6","0","0","6","0","389470","24341.8750"
"2025-12-31","16","0","4","0","0","4","0","305980","19123.7500"
"2026-01-01","23","0","11","0","0","11","0","460870","20037.8261"
"2026-01-02","30","0","6","0","0","6","0","578800","19293.3333"
"2026-01-03","21","1","8","1","0","8","0","377220","17962.8571"
"2026-01-04","36","0","13","0","0","13","0","763310","21203.0556"
"2026-01-05","102","0","46","0","0","46","0","1363930","13371.8627"
"2026-01-06","35","0","11","0","0","11","0","572600","16360.0000"
"2026-01-07","35","0","11","0","0","11","0","617040","17629.7143"
"2026-01-08","33","0","5","0","0","5","0","532840","16146.6667"
"2026-01-09","37","0","15","0","0","15","0","853480","23067.0270"
"2026-01-10","39","0","9","0","0","9","0","738360","18932.3077"
"2026-01-11","30","0","9","0","0","9","0","536120","17870.6667"
"2026-01-12","37","0","11","0","0","11","0","753050","20352.7027"
"2026-01-13","38","0","15","0","0","15","0","634780","16704.7368"
"2026-01-14","22","0","8","0","0","8","0","338090","15367.7273"
"2026-01-15","28","1","11","1","0","11","0","479420","17122.1429"
"2026-01-16","29","0","7","0","0","7","0","559170","19281.7241"
"2026-01-17","22","0","11","0","0","11","0","415140","18870.0000"
"2026-01-18","21","0","3","0","0","3","0","326180","15532.3810"
"2026-01-19","24","0","8","0","0","8","0","370510","15437.9167"
"2026-01-20","24","0","6","0","0","6","0","504950","21039.5833"
"2026-01-21","24","0","8","0","0","8","0","472280","19678.3333"
"2026-01-22","22","0","7","0","0","7","0","366440","16656.3636"
"2026-01-23","21","0","6","0","0","6","0","373920","17805.7143"
"2026-01-24","19","0","8","0","0","8","0","409290","21541.5789"
"2026-01-25","22","0","9","0","0","9","0","358490","16295.0000"
"2026-01-26","25","0","9","0","0","9","0","436310","17452.4000"
"2026-01-27","11","0","4","0","0","4","0","171300","15572.7273"
"2026-01-28","16","0","9","0","0","9","0","209950","13121.8750"
"2026-01-29","19","0","4","0","0","4","0","359820","18937.8947"
"2026-01-30","13","0","4","0","0","4","0","318720","24516.9231"
"2026-01-31","17","0","6","0","0","6","0","298690","17570.0000"
"2026-02-01","18","0","2","0","0","2","0","388750","21597.2222"
"2026-02-02","13","0","4","0","0","4","0","170390","13106.9231"
"2026-02-03","10","0","5","0","0","5","0","197950","19795.0000"
"2026-02-04","11","0","3","0","0","3","0","169950","15450.0000"
"2026-02-05","13","0","8","0","0","8","0","158780","12213.8462"
"2026-02-06","14","0","5","0","0","5","0","250850","17917.8571"
"2026-02-07","14","0","1","0","0","1","0","200110","14293.5714"
"2026-02-08","24","0","6","0","0","6","0","405730","16905.4167"
"2026-02-09","5","0","1","0","0","1","0","76960","15392.0000"
"2026-02-10","0","0","0","0","0","0","0","0","0"
"2026-02-11","0","0","0","0","0","0","0","0","0"
"2026-02-12","2","0","1","0","0","1","0","0","0.0000"
"2026-02-13","0","0","0","0","0","0","0","0","0"
"2026-02-14","0","0","0","0","0","0","0","0","0"
"2026-02-15","0","0","0","0","0","0","0","0","0"
"2026-02-16","0","0","0","0","0","0","0","0","0"
"2026-02-17","0","0","0","0","0","0","0","0","0"
"2026-02-18","0","0","0","0","0","0","0","0","0"
"2026-02-19","0","0","0","0","0","0","0","0","0"
"2026-02-20","0","0","0","0","0","0","0","0","0"
"2026-02-21","0","0","0","0","0","0","0","0","0"
"2026-02-22","0","0","0","0","0","0","0","0","0"
"2026-02-23","0","0","0","0","0","0","0","0","0"
"2026-02-24","0","0","0","0","0","0","0","0","0"
"2026-02-25","0","0","0","0","0","0","0","0","0"
"2026-02-26","0","0","0","0","0","0","0","0","0"
"2026-02-27","0","0","0","0","0","0","0","0","0"
"2026-02-28","0","0","0","0","0","0","0","0","0"
"合計","124592","331","59857","331","0","59857","0","2026753480","16267.123731861"
