品番,カラーコード,サイズコード,SKU品番,JANコード,商品名,在庫数,実在庫数
cr25aw01141,09,01,cr25aw01141-09-01,4582514450510,2wayノーカラーパファーコート,369,369
cr25aw01141,09,02,cr25aw01141-09-02,4582514450527,2wayノーカラーパファーコート,507,507
cr25aw01141,09,03,cr25aw01141-09-03,4582514450534,2wayノーカラーパファーコート,399,399
cr25aw01141,39,01,cr25aw01141-39-01,4582514450541,2wayノーカラーパファーコート,198,198
cr25aw01141,39,02,cr25aw01141-39-02,4582514450558,2wayノーカラーパファーコート,184,184
cr25aw01141,39,03,cr25aw01141-39-03,4582514450565,2wayノーカラーパファーコート,144,145
cr25aw01145,03,01,cr25aw01145-03-01,4582514450602,コーデュロイシートダウンコート,10,10
cr25aw01145,03,02,cr25aw01145-03-02,4582514450619,コーデュロイシートダウンコート,14,14
cr25aw01145,03,03,cr25aw01145-03-03,4582514450626,コーデュロイシートダウンコート,8,8
cr25aw01145,26,01,cr25aw01145-26-01,4582514450572,コーデュロイシートダウンコート,64,64
cr25aw01145,26,02,cr25aw01145-26-02,4582514450589,コーデュロイシートダウンコート,110,110
cr25aw01145,26,03,cr25aw01145-26-03,4582514450596,コーデュロイシートダウンコート,86,87
cr24aw05040,09,01,cr24aw05040-09-01,4582514470761,ダブルブレストダウンジャケット,0,0
cr24aw05040,09,02,cr24aw05040-09-02,4582514470778,ダブルブレストダウンジャケット,0,0
cr24aw05040,09,03,cr24aw05040-09-03,4582514470785,ダブルブレストダウンジャケット,0,0
cr24aw05040,10,01,cr24aw05040-10-01,4582514470730,ダブルブレストダウンジャケット,120,120
cr24aw05040,10,02,cr24aw05040-10-02,4582514470747,ダブルブレストダウンジャケット,153,153
cr24aw05040,10,03,cr24aw05040-10-03,4582514470754,ダブルブレストダウンジャケット,164,164
cr24aw05040,29,01,cr24aw05040-29-01,4582514470792,ダブルブレストダウンジャケット,0,0
cr24aw05040,29,02,cr24aw05040-29-02,4582514470808,ダブルブレストダウンジャケット,55,55
cr24aw05040,29,03,cr24aw05040-29-03,4582514470815,ダブルブレストダウンジャケット,13,13
cr25aw01138,09,01,cr25aw01138-09-01,4582514478927,リバーロングステンカラーコート,0,0
cr25aw01138,09,02,cr25aw01138-09-02,4582514478934,リバーロングステンカラーコート,51,51
cr25aw01138,09,03,cr25aw01138-09-03,4582514478941,リバーロングステンカラーコート,26,26
cr25aw01138,76,01,cr25aw01138-76-01,4582514478989,リバーロングステンカラーコート,2,2
cr25aw01138,76,02,cr25aw01138-76-02,4582514478996,リバーロングステンカラーコート,3,3
cr25aw01138,76,03,cr25aw01138-76-03,4582514479009,リバーロングステンカラーコート,5,6
cr25aw01138,58,01,cr25aw01138-58-01,4582514478958,リバーロングステンカラーコート,111,111
cr25aw01138,58,02,cr25aw01138-58-02,4582514478965,リバーロングステンカラーコート,163,163
cr25aw01138,58,03,cr25aw01138-58-03,4582514478972,リバーロングステンカラーコート,85,85
cr25aw01140,02,01,cr25aw01140-02-01,4582514478187,リバーフーデッドミドルコート,0,0
cr25aw01140,02,02,cr25aw01140-02-02,4582514478194,リバーフーデッドミドルコート,0,0
cr25aw01140,02,03,cr25aw01140-02-03,4582514478200,リバーフーデッドミドルコート,0,0
cr25aw01140,10,01,cr25aw01140-10-01,4582514478156,リバーフーデッドミドルコート,164,164
cr25aw01140,10,02,cr25aw01140-10-02,4582514478163,リバーフーデッドミドルコート,326,326
cr25aw01140,10,03,cr25aw01140-10-03,4582514478170,リバーフーデッドミドルコート,347,348
cr25aw03159,71,01,cr25aw03159-71-01,4582514451630,ソフトツイードオーバージャケット,0,0
cr25aw03159,71,02,cr25aw03159-71-02,4582514451647,ソフトツイードオーバージャケット,0,0
cr25aw03159,71,03,cr25aw03159-71-03,4582514451654,ソフトツイードオーバージャケット,0,0
cr25aw03159,39,01,cr25aw03159-39-01,4582514451609,ソフトツイードオーバージャケット,127,127
cr25aw03159,39,02,cr25aw03159-39-02,4582514451616,ソフトツイードオーバージャケット,241,241
cr25aw03159,39,03,cr25aw03159-39-03,4582514451623,ソフトツイードオーバージャケット,107,108
cr24aw04101,69,01,cr24aw04101-69-01,4582514472796,マイルドシャギーウールPコート,0,0
cr24aw04101,69,02,cr24aw04101-69-02,4582514472802,マイルドシャギーウールPコート,30,30
cr24aw04101,69,03,cr24aw04101-69-03,4582514472819,マイルドシャギーウールPコート,100,101
cr24aw04101,56,01,cr24aw04101-56-01,4582514472826,マイルドシャギーウールPコート,0,0
cr24aw04101,56,02,cr24aw04101-56-02,4582514472833,マイルドシャギーウールPコート,0,0
cr24aw04101,56,03,cr24aw04101-56-03,4582514472840,マイルドシャギーウールPコート,26,26
cr24aw01042,39,01,cr24aw01042-39-01,4582514471089,アジャスタブルウールロングコート,0,0
cr24aw01042,39,02,cr24aw01042-39-02,4582514471096,アジャスタブルウールロングコート,31,31
cr24aw01042,39,03,cr24aw01042-39-03,4582514471102,アジャスタブルウールロングコート,42,43
cr24aw01042,75,01,cr24aw01042-75-01,4582514471058,アジャスタブルウールロングコート,0,0
cr24aw01042,75,02,cr24aw01042-75-02,4582514471065,アジャスタブルウールロングコート,0,0
cr24aw01042,75,03,cr24aw01042-75-03,4582514471072,アジャスタブルウールロングコート,0,0
cr24aw01042,48,01,cr24aw01042-48-01,4582514471119,アジャスタブルウールロングコート,21,21
cr24aw01042,48,02,cr24aw01042-48-02,4582514471126,アジャスタブルウールロングコート,69,69
cr24aw01042,48,03,cr24aw01042-48-03,4582514471133,アジャスタブルウールロングコート,52,52
cr25aw09167,04,02,cr25aw09167-04-02,4582514479566,ロービングスラブルーズニット,0,0
cr25aw09167,04,03,cr25aw09167-04-03,4582514479573,ロービングスラブルーズニット,0,0
cr25aw09167,69,02,cr25aw09167-69-02,4582514479542,ロービングスラブルーズニット,134,134
cr25aw09167,69,03,cr25aw09167-69-03,4582514479559,ロービングスラブルーズニット,151,153
cr25aw09168,04,02,cr25aw09168-04-02,4582514479603,ロービングスラブニットスカート,0,0
cr25aw09168,04,03,cr25aw09168-04-03,4582514479610,ロービングスラブニットスカート,31,31
cr25aw09168,69,02,cr25aw09168-69-02,4582514479580,ロービングスラブニットスカート,89,89
cr25aw09168,69,03,cr25aw09168-69-03,4582514479597,ロービングスラブニットスカート,168,170
cr25aw07409,66,99,cr25aw07409-66-99,4582514473250,モイストタッチボリュームストール,0,0
cr25aw07409,10,99,cr25aw07409-10-99,4582514473229,モイストタッチボリュームストール,673,674
cr25aw07409,00,99,cr25aw07409-00-99,4582514473236,モイストタッチボリュームストール,176,178
cr25aw07409,49,99,cr25aw07409-49-99,4582514450633,モイストタッチボリュームストール,0,0
cr25aw07409,46,99,cr25aw07409-46-99,4582514450640,モイストタッチボリュームストール,0,0
cr25aw09163,06,01,cr25aw09163-06-01,4582514452750,ウールリヨセルハイネックニット,0,0
cr25aw09163,06,02,cr25aw09163-06-02,4582514452491,ウールリヨセルハイネックニット,44,44
cr25aw09163,06,03,cr25aw09163-06-03,4582514452507,ウールリヨセルハイネックニット,0,0
cr25aw09163,09,01,cr25aw09163-09-01,4582514452736,ウールリヨセルハイネックニット,97,97
cr25aw09163,09,02,cr25aw09163-09-02,4582514452453,ウールリヨセルハイネックニット,235,235
cr25aw09163,09,03,cr25aw09163-09-03,4582514452460,ウールリヨセルハイネックニット,186,186
cr25aw09163,21,01,cr25aw09163-21-01,4582514452743,ウールリヨセルハイネックニット,3,3
cr25aw09163,21,02,cr25aw09163-21-02,4582514452477,ウールリヨセルハイネックニット,96,96
cr25aw09163,21,03,cr25aw09163-21-03,4582514452484,ウールリヨセルハイネックニット,0,0
cr25aw09165,09,01,cr25aw09165-09-01,4582514452255,2wayハイネックスリムカーディガン,157,157
cr25aw09165,09,02,cr25aw09165-09-02,4582514452262,2wayハイネックスリムカーディガン,0,0
cr25aw09165,09,03,cr25aw09165-09-03,4582514452279,2wayハイネックスリムカーディガン,0,1
cr25aw09165,00,01,cr25aw09165-00-01,4582514452224,2wayハイネックスリムカーディガン,126,126
cr25aw09165,00,02,cr25aw09165-00-02,4582514452231,2wayハイネックスリムカーディガン,104,104
cr25aw09165,00,03,cr25aw09165-00-03,4582514452248,2wayハイネックスリムカーディガン,122,123
cr25aw09162,38,02,cr25aw09162-38-02,4582514479658,カシミアブレンドメリノウールニット,0,0
cr25aw09162,38,03,cr25aw09162-38-03,4582514479665,カシミアブレンドメリノウールニット,0,0
cr25aw09162,10,02,cr25aw09162-10-02,4582514479672,カシミアブレンドメリノウールニット,112,111
cr25aw09162,10,03,cr25aw09162-10-03,4582514479689,カシミアブレンドメリノウールニット,97,96
cr25aw09162,18,02,cr25aw09162-18-02,4582514479696,カシミアブレンドメリノウールニット,0,0
cr25aw09162,18,03,cr25aw09162-18-03,4582514479702,カシミアブレンドメリノウールニット,0,0
cr25aw19161,09,01,cr25aw19161-09-01,4582514450398,3wayスリットIラインスカート,0,0
cr25aw19161,09,02,cr25aw19161-09-02,4582514450404,3wayスリットIラインスカート,368,367
cr25aw19161,09,03,cr25aw19161-09-03,4582514450411,3wayスリットIラインスカート,341,343
cr25aw19161,39,01,cr25aw19161-39-01,4582514450428,3wayスリットIラインスカート,22,22
cr25aw19161,39,02,cr25aw19161-39-02,4582514450435,3wayスリットIラインスカート,163,163
cr25aw19161,39,03,cr25aw19161-39-03,4582514450442,3wayスリットIラインスカート,134,134
cr25aw11147,38,01,cr25aw11147-38-01,4582514451692,サイドシームニットラインスラックス,19,19
cr25aw11147,38,02,cr25aw11147-38-02,4582514451708,サイドシームニットラインスラックス,46,46
cr25aw11147,38,03,cr25aw11147-38-03,4582514451715,サイドシームニットラインスラックス,35,36
cr25aw11147,72,01,cr25aw11147-72-01,4582514451661,サイドシームニットラインスラックス,56,56
cr25aw11147,72,02,cr25aw11147-72-02,4582514451678,サイドシームニットラインスラックス,109,109
cr25aw11147,72,03,cr25aw11147-72-03,4582514451685,サイドシームニットラインスラックス,120,120
cr25aw18164,32,01,cr25aw18164-32-01,4582514452088,フロントフライニットワンピース,4,4
cr25aw18164,32,02,cr25aw18164-32-02,4582514452095,フロントフライニットワンピース,40,40
cr25aw18164,32,03,cr25aw18164-32-03,4582514452101,フロントフライニットワンピース,57,57
cr25aw18164,10,01,cr25aw18164-10-01,4582514452026,フロントフライニットワンピース,12,12
cr25aw18164,10,02,cr25aw18164-10-02,4582514452033,フロントフライニットワンピース,56,57
cr25aw18164,10,03,cr25aw18164-10-03,4582514452040,フロントフライニットワンピース,49,49
cr25aw18164,39,01,cr25aw18164-39-01,4582514452057,フロントフライニットワンピース,81,81
cr25aw18164,39,02,cr25aw18164-39-02,4582514452064,フロントフライニットワンピース,57,57
cr25aw18164,39,03,cr25aw18164-39-03,4582514452071,フロントフライニットワンピース,129,130
cr25aw19416,05,77,cr25aw19416-05-77,4582514452576,ボタンスタッズスウェードベルト,227,227
cr25aw19416,05,88,cr25aw19416-05-88,4582514452583,ボタンスタッズスウェードベルト,0,0
cr25aw19416,29,77,cr25aw19416-29-77,4582514452590,ボタンスタッズスウェードベルト,152,152
cr25aw19416,29,88,cr25aw19416-29-88,4582514452606,ボタンスタッズスウェードベルト,0,0
cr25aw07157,09,01,cr25aw07157-09-01,4582514450305,バックドロストハイネックトップス,29,29
cr25aw07157,09,02,cr25aw07157-09-02,4582514450312,バックドロストハイネックトップス,0,0
cr25aw07157,09,03,cr25aw07157-09-03,4582514450329,バックドロストハイネックトップス,12,12
cr25aw07157,00,01,cr25aw07157-00-01,4582514450275,バックドロストハイネックトップス,0,0
cr25aw07157,00,02,cr25aw07157-00-02,4582514450282,バックドロストハイネックトップス,0,0
cr25aw07157,00,03,cr25aw07157-00-03,4582514450299,バックドロストハイネックトップス,0,0
cr25aw07157,20,01,cr25aw07157-20-01,4582514450367,バックドロストハイネックトップス,0,0
cr25aw07157,20,02,cr25aw07157-20-02,4582514450374,バックドロストハイネックトップス,0,0
cr25aw07157,20,03,cr25aw07157-20-03,4582514450381,バックドロストハイネックトップス,22,22
cr25aw07157,53,01,cr25aw07157-80-01,4582514450336,バックドロストハイネックトップス,131,131
cr25aw07157,53,02,cr25aw07157-80-02,4582514450343,バックドロストハイネックトップス,240,240
cr25aw07157,53,03,cr25aw07157-80-03,4582514450350,バックドロストハイネックトップス,289,289
cr25aw06139,09,01,cr25aw06139-09-01,4582514479016,ベルベットフードワンピース,0,0
cr25aw06139,09,02,cr25aw06139-09-02,4582514479023,ベルベットフードワンピース,0,0
cr25aw06139,09,03,cr25aw06139-09-03,4582514479030,ベルベットフードワンピース,0,0
cr25aw06139,37,01,cr25aw06139-37-01,4582514479047,ベルベットフードワンピース,11,11
cr25aw06139,37,02,cr25aw06139-37-02,4582514479054,ベルベットフードワンピース,7,7
cr25aw06139,37,03,cr25aw06139-37-03,4582514479061,ベルベットフードワンピース,115,115
cr25aw19160,03,01,cr25aw19160-03-01,4582514478644,フェイクスウェードIラインスカート,0,0
cr25aw19160,03,02,cr25aw19160-03-02,4582514478651,フェイクスウェードIラインスカート,0,0
cr25aw19160,03,03,cr25aw19160-03-03,4582514478668,フェイクスウェードIラインスカート,0,0
cr25aw19160,76,01,cr25aw19160-76-01,4582514478583,フェイクスウェードIラインスカート,128,128
cr25aw19160,76,02,cr25aw19160-76-02,4582514478590,フェイクスウェードIラインスカート,240,240
cr25aw19160,76,03,cr25aw19160-76-03,4582514478606,フェイクスウェードIラインスカート,239,240
cr25aw19160,48,01,cr25aw19160-48-01,4582514478613,フェイクスウェードIラインスカート,0,0
cr25aw19160,48,02,cr25aw19160-48-02,4582514478620,フェイクスウェードIラインスカート,0,0
cr25aw19160,48,03,cr25aw19160-48-03,4582514478637,フェイクスウェードIラインスカート,0,0
cr25aw11155,75,01,cr25aw11155-75-01,4582514478675,フリーウエストベルテッドパンツ,229,229
cr25aw11155,75,02,cr25aw11155-75-02,4582514478682,フリーウエストベルテッドパンツ,317,317
cr25aw11155,75,03,cr25aw11155-75-03,4582514478699,フリーウエストベルテッドパンツ,359,360
cr25aw11155,75,66,cr25aw11155-75-66,4582514479900,フリーウエストベルテッドパンツ,0,0
cr25aw11155,37,01,cr25aw11155-37-01,4582514478705,フリーウエストベルテッドパンツ,97,97
cr25aw11155,37,02,cr25aw11155-37-02,4582514478712,フリーウエストベルテッドパンツ,81,81
cr25aw11155,37,03,cr25aw11155-37-03,4582514478729,フリーウエストベルテッドパンツ,94,94
cr25aw11155,37,66,cr25aw11155-37-66,4582514479917,フリーウエストベルテッドパンツ,0,0
cr25aw04153,36,01,cr25aw04153-36-01,4582514479139,ヴィンテージギャバルーズブルゾン,17,17
cr25aw04153,36,02,cr25aw04153-36-02,4582514479146,ヴィンテージギャバルーズブルゾン,0,0
cr25aw04153,36,03,cr25aw04153-36-03,4582514479153,ヴィンテージギャバルーズブルゾン,0,0
cr25aw04153,54,01,cr25aw04153-54-01,4582514479160,ヴィンテージギャバルーズブルゾン,35,35
cr25aw04153,54,02,cr25aw04153-54-02,4582514479177,ヴィンテージギャバルーズブルゾン,10,10
cr25aw04153,54,03,cr25aw04153-54-03,4582514479184,ヴィンテージギャバルーズブルゾン,18,20
cr24aw03057,38,01,cr24aw03057-80-01,4582514475278,ダブルテーラードジャケット,0,0
cr24aw03057,38,02,cr24aw03057-80-02,4582514475285,ダブルテーラードジャケット,0,0
cr24aw03057,38,03,cr24aw03057-80-03,4582514475292,ダブルテーラードジャケット,0,0
cr24aw03057,69,01,cr24aw03057-69-01,4582514471201,ダブルテーラードジャケット,45,45
cr24aw03057,69,02,cr24aw03057-69-02,4582514471218,ダブルテーラードジャケット,31,31
cr24aw03057,69,03,cr24aw03057-69-03,4582514471225,ダブルテーラードジャケット,50,50
cr24aw03057,76,01,cr24aw03057-76-01,4582514471232,ダブルテーラードジャケット,0,0
cr24aw03057,76,02,cr24aw03057-76-02,4582514471249,ダブルテーラードジャケット,0,0
cr24aw03057,76,03,cr24aw03057-76-03,4582514471256,ダブルテーラードジャケット,0,0
cr24aw03057,48,01,cr24aw03057-48-01,4582514471263,ダブルテーラードジャケット,0,0
cr24aw03057,48,02,cr24aw03057-48-02,4582514471270,ダブルテーラードジャケット,0,0
cr24aw03057,48,03,cr24aw03057-48-03,4582514471287,ダブルテーラードジャケット,0,0
cr25aw09156,03,77,cr25aw09156-03-77,4582514451005,モヘヤミックスシアールーズニット,302,302
cr25aw09156,03,88,cr25aw09156-03-88,4582514451012,モヘヤミックスシアールーズニット,276,276
cr25aw09156,50,77,cr25aw09156-50-77,4582514451029,モヘヤミックスシアールーズニット,44,44
cr25aw09156,50,88,cr25aw09156-50-88,4582514451036,モヘヤミックスシアールーズニット,15,15
cr25aw06154,22,01,cr25aw06154-22-01,4582514478521,ストライプパネルシームシャツ,338,338
cr25aw06154,22,02,cr25aw06154-22-02,4582514478538,ストライプパネルシームシャツ,731,730
cr25aw06154,22,03,cr25aw06154-22-03,4582514478545,ストライプパネルシームシャツ,490,492
cr25aw06154,40,01,cr25aw06154-40-01,4582514478552,ストライプパネルシームシャツ,54,54
cr25aw06154,40,02,cr25aw06154-40-02,4582514478569,ストライプパネルシームシャツ,112,112
cr25aw06154,40,03,cr25aw06154-40-03,4582514478576,ストライプパネルシームシャツ,68,68
cr25aw07142,09,01,cr25aw07142-09-01,4582514450213,シアーベロアクルーネックT,36,36
cr25aw07142,09,02,cr25aw07142-09-02,4582514450220,シアーベロアクルーネックT,130,130
cr25aw07142,09,03,cr25aw07142-09-03,4582514450237,シアーベロアクルーネックT,34,34
cr25aw07142,76,01,cr25aw07142-76-01,4582514450244,シアーベロアクルーネックT,28,28
cr25aw07142,76,02,cr25aw07142-76-02,4582514450251,シアーベロアクルーネックT,75,75
cr25aw07142,76,03,cr25aw07142-76-03,4582514450268,シアーベロアクルーネックT,21,21
cr25aw09150,55,99,cr25aw09150-55-99,4582514479207,2wayウールカシミアニットビスチェ,365,367
cr25aw09150,10,99,cr25aw09150-10-99,4582514479191,2wayウールカシミアニットビスチェ,0,0
cr25aw06151,15,01,cr25aw06151-15-01,4582514478866,サテンドレープシャツワンピース,0,0
cr25aw06151,15,02,cr25aw06151-15-02,4582514478873,サテンドレープシャツワンピース,36,36
cr25aw06151,15,03,cr25aw06151-15-03,4582514478880,サテンドレープシャツワンピース,94,94
cr25aw06151,16,01,cr25aw06151-16-01,4582514478897,サテンドレープシャツワンピース,16,16
cr25aw06151,16,02,cr25aw06151-16-02,4582514478903,サテンドレープシャツワンピース,42,43
cr25aw06151,16,03,cr25aw06151-16-03,4582514478910,サテンドレープシャツワンピース,97,97
cr25aw19148,31,01,cr25aw19148-31-01,4582514479801,テンセルコットンピケIラインスカート,20,20
cr25aw19148,31,02,cr25aw19148-31-02,4582514479818,テンセルコットンピケIラインスカート,43,43
cr25aw19148,31,03,cr25aw19148-31-03,4582514479825,テンセルコットンピケIラインスカート,6,6
cr25aw19148,19,01,cr25aw19148-19-01,4582514479771,テンセルコットンピケIラインスカート,17,17
cr25aw19148,19,02,cr25aw19148-19-02,4582514479788,テンセルコットンピケIラインスカート,10,10
cr25aw19148,19,03,cr25aw19148-19-03,4582514479795,テンセルコットンピケIラインスカート,0,0
cr25aw11149,63,01,cr25aw11149-63-01,4582514479078,アジャスタブルIラインデニムパンツ,185,185
cr25aw11149,63,02,cr25aw11149-63-02,4582514479085,アジャスタブルIラインデニムパンツ,200,200
cr25aw11149,63,03,cr25aw11149-63-03,4582514479092,アジャスタブルIラインデニムパンツ,474,473
cr25aw11149,63,00,cr25aw11149-63-00,4582514479412,アジャスタブルIラインデニムパンツ,132,132
cr25aw11149,63,66,cr25aw11149-63-66,4582514479429,アジャスタブルIラインデニムパンツ,0,0
cr25aw11149,81,01,cr25aw11149-81-01,4582514479108,アジャスタブルIラインデニムパンツ,0,0
cr25aw11149,81,02,cr25aw11149-81-02,4582514479115,アジャスタブルIラインデニムパンツ,0,0
cr25aw11149,81,03,cr25aw11149-81-03,4582514479122,アジャスタブルIラインデニムパンツ,0,0
cr25aw11149,81,00,cr25aw11149-81-00,4582514479436,アジャスタブルIラインデニムパンツ,0,0
cr25aw11149,81,66,cr25aw11149-81-66,4582514479443,アジャスタブルIラインデニムパンツ,0,0
cr25aw14166,06,99,cr25aw14166-06-99,4582514451050,ストラップフィットコットンビーニー,0,0
cr25aw14166,09,99,cr25aw14166-09-99,4582514451043,ストラップフィットコットンビーニー,160,160
cr25aw15173,09,99,cr25aw15173-09-99,4582514450978,マルチウェイソフトレザーバッグ,224,224
cr25aw15173,03,99,cr25aw15173-03-99,4582514450985,マルチウェイソフトレザーバッグ,91,92
cr25aw15173,39,99,cr25aw15173-39-99,4582514450992,マルチウェイソフトレザーバッグ,311,311
cr24aw07516,09,05,cr24aw07516-09-01,4582514472062,ボタンスタッズレザーベルト,2,2
cr24aw07516,09,06,cr24aw07516-09-02,4582514472079,ボタンスタッズレザーベルト,0,0
cr24aw07516,36,05,cr24aw07516-36-01,4582514472086,ボタンスタッズレザーベルト,10,10
cr24aw07516,36,06,cr24aw07516-36-02,4582514472093,ボタンスタッズレザーベルト,0,0
cr24aw15132,09,99,cr24aw15132-09-99,4582514477043,ナイロンレザーショルダーバッグ,249,249
cr24aw15132,78,99,cr24aw15132-78-99,4582514477050,ナイロンレザーショルダーバッグ,101,101
cr24aw06609,09,01,cr24aw06609-09-01,4582514472857,コットンミックスカノコニット,7,7
cr24aw06609,09,02,cr24aw06609-09-02,4582514472864,コットンミックスカノコニット,0,0
cr24aw06609,09,03,cr24aw06609-09-03,4582514472871,コットンミックスカノコニット,0,0
cr24aw06609,39,01,cr24aw06609-39-01,4582514472888,コットンミックスカノコニット,0,0
cr24aw06609,39,02,cr24aw06609-39-02,4582514472895,コットンミックスカノコニット,0,0
cr24aw06609,39,03,cr24aw06609-39-03,4582514472901,コットンミックスカノコニット,0,0
cr24aw06609,77,01,cr24aw06609-77-01,4582514472918,コットンミックスカノコニット,0,0
cr24aw06609,77,02,cr24aw06609-77-02,4582514472925,コットンミックスカノコニット,0,0
cr24aw06609,77,03,cr24aw06609-77-03,4582514472932,コットンミックスカノコニット,0,0
cr24aw06609,17,01,cr24aw06609-17-01,4582514472949,コットンミックスカノコニット,0,0
cr24aw06609,17,02,cr24aw06609-17-02,4582514472956,コットンミックスカノコニット,0,0
cr24aw06609,17,03,cr24aw06609-17-03,4582514472963,コットンミックスカノコニット,0,0
cr24aw05809,09,01,cr24aw05809-09-01,4582514472437,シルクブレンドハイネックトップス,0,0
cr24aw05809,09,02,cr24aw05809-09-02,4582514472444,シルクブレンドハイネックトップス,0,0
cr24aw05809,09,03,cr24aw05809-09-03,4582514472451,シルクブレンドハイネックトップス,0,0
cr24aw05809,00,01,cr24aw05809-00-01,4582514472468,シルクブレンドハイネックトップス,0,0
cr24aw05809,00,02,cr24aw05809-00-02,4582514472475,シルクブレンドハイネックトップス,0,0
cr24aw05809,00,03,cr24aw05809-00-03,4582514472482,シルクブレンドハイネックトップス,0,0
cr24aw05809,89,01,cr24aw05809-89-01,4582514472499,シルクブレンドハイネックトップス,99,99
cr24aw05809,89,02,cr24aw05809-89-02,4582514472505,シルクブレンドハイネックトップス,247,247
cr24aw05809,89,03,cr24aw05809-89-03,4582514472512,シルクブレンドハイネックトップス,230,230
cr24aw05809,25,01,cr24aw05809-25-01,4582514472529,シルクブレンドハイネックトップス,0,0
cr24aw05809,25,02,cr24aw05809-25-02,4582514472536,シルクブレンドハイネックトップス,0,0
cr24aw05809,25,03,cr24aw05809-25-03,4582514472543,シルクブレンドハイネックトップス,0,0
cr24aw05809,50,01,cr24aw05809-50-01,4582514472550,シルクブレンドハイネックトップス,0,0
cr24aw05809,50,02,cr24aw05809-50-02,4582514472567,シルクブレンドハイネックトップス,0,0
cr24aw05809,50,03,cr24aw05809-50-03,4582514472574,シルクブレンドハイネックトップス,0,0
cr24aw19052,09,01,cr24aw19052-09-01,4582514471393,フェイクレザードレープスカート,34,34
cr24aw19052,09,02,cr24aw19052-09-02,4582514471409,フェイクレザードレープスカート,129,129
cr24aw19052,09,03,cr24aw19052-09-03,4582514471416,フェイクレザードレープスカート,16,16
cr24aw19052,57,01,cr24aw19052-57-01,4582514471454,フェイクレザードレープスカート,0,0
cr24aw19052,57,02,cr24aw19052-57-02,4582514471461,フェイクレザードレープスカート,0,0
cr24aw19052,57,03,cr24aw19052-57-03,4582514471478,フェイクレザードレープスカート,0,0
cr24aw19052,39,01,cr24aw19052-39-01,4582514471423,フェイクレザードレープスカート,0,0
cr24aw19052,39,02,cr24aw19052-39-02,4582514471430,フェイクレザードレープスカート,0,0
cr24aw19052,39,03,cr24aw19052-39-03,4582514471447,フェイクレザードレープスカート,0,0
cr24aw19073,09,01,cr24aw19073-09-01,4582514473595,ウールライクラップロングスカート,0,0
cr24aw19073,09,02,cr24aw19073-09-02,4582514473601,ウールライクラップロングスカート,0,0
cr24aw19073,09,03,cr24aw19073-09-03,4582514473618,ウールライクラップロングスカート,0,0
cr24aw19073,36,01,cr24aw19073-36-01,4582514473564,ウールライクラップロングスカート,0,0
cr24aw19073,36,02,cr24aw19073-36-02,4582514473571,ウールライクラップロングスカート,0,0
cr24aw19073,36,03,cr24aw19073-36-03,4582514473588,ウールライクラップロングスカート,0,0
cr24aw19073,57,01,cr24aw19073-57-01,4582514473625,ウールライクラップロングスカート,19,19
cr24aw19073,57,02,cr24aw19073-57-02,4582514473632,ウールライクラップロングスカート,13,13
cr24aw19073,57,03,cr24aw19073-57-03,4582514473649,ウールライクラップロングスカート,0,0
cr24aw09062,10,01,cr24aw09062-10-01,4582514470952,サイドシームレスニットパンツ,9,9
cr24aw09062,10,02,cr24aw09062-10-02,4582514470969,サイドシームレスニットパンツ,97,97
cr24aw09062,10,03,cr24aw09062-10-03,4582514470976,サイドシームレスニットパンツ,84,85
cr24aw09062,31,01,cr24aw09062-31-01,4582514470983,サイドシームレスニットパンツ,0,0
cr24aw09062,31,02,cr24aw09062-31-02,4582514470990,サイドシームレスニットパンツ,0,0
cr24aw09062,31,03,cr24aw09062-31-03,4582514471003,サイドシームレスニットパンツ,0,0
cr24aw05611,10,01,cr24aw05611-10-01,4582514472611,アシンメトリーツータックパンツ,205,205
cr24aw05611,10,02,cr24aw05611-10-02,4582514472628,アシンメトリーツータックパンツ,174,174
cr24aw05611,10,03,cr24aw05611-10-03,4582514472635,アシンメトリーツータックパンツ,333,333
cr24aw05611,39,01,cr24aw05611-39-01,4582514472642,アシンメトリーツータックパンツ,122,122
cr24aw05611,39,02,cr24aw05611-39-02,4582514472659,アシンメトリーツータックパンツ,170,170
cr24aw05611,39,03,cr24aw05611-39-03,4582514472666,アシンメトリーツータックパンツ,333,333
cr24aw05611,59,01,cr24aw05611-59-01,4582514472673,アシンメトリーツータックパンツ,21,21
cr24aw05611,59,02,cr24aw05611-59-02,4582514472680,アシンメトリーツータックパンツ,0,0
cr24aw05611,59,03,cr24aw05611-59-03,4582514472697,アシンメトリーツータックパンツ,18,18
cr25ss11104,32,01,cr25ss11104-32-01,4582514474943,ヴィンテージライクワイドパンツ,0,0
cr25ss11104,32,02,cr25ss11104-32-02,4582514474950,ヴィンテージライクワイドパンツ,0,0
cr25ss11104,32,03,cr25ss11104-32-03,4582514474967,ヴィンテージライクワイドパンツ,0,0
cr25ss11104,36,01,cr25ss11104-36-01,4582514474912,ヴィンテージライクワイドパンツ,0,0
cr25ss11104,36,02,cr25ss11104-36-02,4582514474929,ヴィンテージライクワイドパンツ,0,0
cr25ss11104,36,03,cr25ss11104-36-03,4582514474936,ヴィンテージライクワイドパンツ,8,8
cr25ss11104,13,01,cr25ss11104-13-01,4582514474974,ヴィンテージライクワイドパンツ,0,0
cr25ss11104,13,02,cr25ss11104-13-02,4582514474981,ヴィンテージライクワイドパンツ,0,0
cr25ss11104,13,03,cr25ss11104-13-03,4582514474998,ヴィンテージライクワイドパンツ,0,0
cr24ss18030,09,01,cr24ss18030-09-01,4582514469680,ナイロンマルチウェイセットアップ,0,0
cr24ss18030,09,02,cr24ss18030-09-02,4582514469697,ナイロンマルチウェイセットアップ,129,129
cr24ss18030,09,03,cr24ss18030-09-03,4582514469703,ナイロンマルチウェイセットアップ,0,0
cr24ss18030,03,01,cr24ss18030-03-01,4582514469710,ナイロンマルチウェイセットアップ,0,0
cr24ss18030,03,02,cr24ss18030-03-02,4582514469727,ナイロンマルチウェイセットアップ,0,0
cr24ss18030,03,03,cr24ss18030-03-03,4582514469734,ナイロンマルチウェイセットアップ,0,0
cr24ss18034,10,01,cr24ss18034-10-01,4582514468959,ディープネックセットワンピース,0,0
cr24ss18034,10,02,cr24ss18034-10-02,4582514468966,ディープネックセットワンピース,4,4
cr24ss18034,10,03,cr24ss18034-10-03,4582514468973,ディープネックセットワンピース,0,0
cr25ss07129,47,01,cr25ss07129-47-01,4582514478095,ドライコンフォートカラーTシャツ,0,0
cr25ss07129,47,02,cr25ss07129-47-02,4582514478101,ドライコンフォートカラーTシャツ,114,114
cr25ss07129,47,03,cr25ss07129-47-03,4582514478118,ドライコンフォートカラーTシャツ,0,0
cr25ss07129,82,01,cr25ss07129-82-01,4582514478125,ドライコンフォートカラーTシャツ,0,0
cr25ss07129,82,02,cr25ss07129-82-02,4582514478132,ドライコンフォートカラーTシャツ,0,0
cr25ss07129,82,03,cr25ss07129-82-03,4582514478149,ドライコンフォートカラーTシャツ,0,0
cr25ss07129,14,01,cr25ss07129-14-01,4582514478217,ドライコンフォートカラーTシャツ,0,0
cr25ss07129,14,02,cr25ss07129-14-02,4582514478224,ドライコンフォートカラーTシャツ,9,9
cr25ss07129,14,03,cr25ss07129-14-03,4582514478231,ドライコンフォートカラーTシャツ,0,0
cr25ss07129,61,01,cr25ss07129-61-01,4582514478064,ドライコンフォートカラーTシャツ,0,0
cr25ss07129,61,02,cr25ss07129-61-02,4582514478071,ドライコンフォートカラーTシャツ,90,90
cr25ss07129,61,03,cr25ss07129-61-03,4582514478088,ドライコンフォートカラーTシャツ,18,18
cr25ss06128,09,01,cr25ss06128-09-01,4582514477913,イージーラップマキシワンピース,0,0
cr25ss06128,09,02,cr25ss06128-09-02,4582514477920,イージーラップマキシワンピース,0,0
cr25ss06128,09,03,cr25ss06128-09-03,4582514477937,イージーラップマキシワンピース,0,0
cr25ss06128,76,01,cr25ss06128-76-01,4582514477944,イージーラップマキシワンピース,3,3
cr25ss06128,76,02,cr25ss06128-76-02,4582514477951,イージーラップマキシワンピース,25,25
cr25ss06128,76,03,cr25ss06128-76-03,4582514477968,イージーラップマキシワンピース,153,153
cr25ss06128,49,01,cr25ss06128-49-01,4582514477975,イージーラップマキシワンピース,0,0
cr25ss06128,49,02,cr25ss06128-49-02,4582514477982,イージーラップマキシワンピース,0,0
cr25ss06128,49,03,cr25ss06128-49-03,4582514477999,イージーラップマキシワンピース,0,0
cr25ss11130,09,01,cr25ss11130-09-01,4582514477753,ウォーターリペレントスラックス,0,0
cr25ss11130,09,02,cr25ss11130-09-02,4582514477760,ウォーターリペレントスラックス,0,0
cr25ss11130,09,03,cr25ss11130-09-03,4582514477777,ウォーターリペレントスラックス,0,0
cr25ss11130,57,01,cr25ss11130-57-01,4582514477722,ウォーターリペレントスラックス,3,3
cr25ss11130,57,02,cr25ss11130-57-02,4582514477739,ウォーターリペレントスラックス,0,0
cr25ss11130,57,03,cr25ss11130-57-03,4582514477746,ウォーターリペレントスラックス,0,0
cr25ss11130,00,01,cr25ss11130-00-01,4582514477692,ウォーターリペレントスラックス,0,0
cr25ss11130,00,02,cr25ss11130-00-02,4582514477708,ウォーターリペレントスラックス,0,0
cr25ss11130,00,03,cr25ss11130-00-03,4582514477715,ウォーターリペレントスラックス,0,0
cr24aw06125,09,01,cr24aw06125-09-01,4582514477173,セミドルマンドロストデザインシャツ,0,0
cr24aw06125,09,02,cr24aw06125-09-02,4582514477180,セミドルマンドロストデザインシャツ,0,0
cr24aw06125,09,03,cr24aw06125-09-03,4582514477197,セミドルマンドロストデザインシャツ,0,0
cr24aw06125,85,01,cr24aw06125-85-01,4582514477111,セミドルマンドロストデザインシャツ,0,0
cr24aw06125,85,02,cr24aw06125-85-02,4582514477128,セミドルマンドロストデザインシャツ,0,0
cr24aw06125,85,03,cr24aw06125-85-03,4582514477135,セミドルマンドロストデザインシャツ,3,3
cr24aw06125,27,01,cr24aw06125-27-01,4582514477142,セミドルマンドロストデザインシャツ,0,0
cr24aw06125,27,02,cr24aw06125-27-02,4582514477159,セミドルマンドロストデザインシャツ,5,5
cr24aw06125,27,03,cr24aw06125-27-03,4582514477166,セミドルマンドロストデザインシャツ,0,0
cr25ss06123,09,05,cr25ss06123-09-05,4582514476909,シアーニットストレートワンピース,10,10
cr25ss06123,09,06,cr25ss06123-09-06,4582514476916,シアーニットストレートワンピース,10,10
cr25ss06123,32,05,cr25ss06123-32-05,4582514476886,シアーニットストレートワンピース,9,9
cr25ss06123,32,06,cr25ss06123-32-06,4582514476893,シアーニットストレートワンピース,2,2
cr25ss19152,09,01,cr25ss19152-09-01,4582514477326,ストレッチベロアストレートスカート,61,61
cr25ss19152,09,02,cr25ss19152-09-02,4582514477333,ストレッチベロアストレートスカート,45,45
cr25ss19152,09,03,cr25ss19152-09-03,4582514477340,ストレッチベロアストレートスカート,0,0
cr25ss19152,23,01,cr25ss19152-23-01,4582514477357,ストレッチベロアストレートスカート,5,5
cr25ss19152,23,02,cr25ss19152-23-02,4582514477364,ストレッチベロアストレートスカート,0,0
cr25ss19152,23,03,cr25ss19152-23-03,4582514477371,ストレッチベロアストレートスカート,0,0
cr25ss19152,24,01,cr25ss19152-24-01,4582514477388,ストレッチベロアストレートスカート,12,12
cr25ss19152,24,02,cr25ss19152-24-02,4582514477395,ストレッチベロアストレートスカート,0,0
cr25ss19152,24,03,cr25ss19152-24-03,4582514477401,ストレッチベロアストレートスカート,0,0
cr25ss11113,02,01,cr25ss11113-02-01,4582514475841,ウォッシャブルサテンスラックス,0,0
cr25ss11113,02,02,cr25ss11113-02-02,4582514475858,ウォッシャブルサテンスラックス,0,0
cr25ss11113,02,03,cr25ss11113-02-03,4582514475865,ウォッシャブルサテンスラックス,0,0
cr25ss11113,09,01,cr25ss11113-09-01,4582514475872,ウォッシャブルサテンスラックス,8,8
cr25ss11113,09,02,cr25ss11113-09-02,4582514475889,ウォッシャブルサテンスラックス,5,5
cr25ss11113,09,03,cr25ss11113-09-03,4582514475896,ウォッシャブルサテンスラックス,10,10
cr25ss11113,00,01,cr25ss11113-00-01,4582514475810,ウォッシャブルサテンスラックス,0,0
cr25ss11113,00,02,cr25ss11113-00-02,4582514475827,ウォッシャブルサテンスラックス,8,8
cr25ss11113,00,03,cr25ss11113-00-03,4582514475834,ウォッシャブルサテンスラックス,4,4
cr25ss07087,03,01,cr25ss07087-03-01,4582514476398,フロントフライバックオープンジレ,0,0
cr25ss07087,03,02,cr25ss07087-03-02,4582514476404,フロントフライバックオープンジレ,39,39
cr25ss07087,03,03,cr25ss07087-03-03,4582514476411,フロントフライバックオープンジレ,20,20
cr25ss07087,10,01,cr25ss07087-10-01,4582514476367,フロントフライバックオープンジレ,0,0
cr25ss07087,10,02,cr25ss07087-10-02,4582514476374,フロントフライバックオープンジレ,0,0
cr25ss07087,10,03,cr25ss07087-10-03,4582514476381,フロントフライバックオープンジレ,0,0
cr25ss07087,39,01,cr25ss07087-39-01,4582514476428,フロントフライバックオープンジレ,0,0
cr25ss07087,39,02,cr25ss07087-39-02,4582514476435,フロントフライバックオープンジレ,0,0
cr25ss07087,39,03,cr25ss07087-39-03,4582514476442,フロントフライバックオープンジレ,0,0
cr25ss07116,06,01,cr25ss07116-06-01,4582514477012,マルチウェイレイヤードタンクトップ,0,0
cr25ss07116,06,02,cr25ss07116-06-02,4582514477029,マルチウェイレイヤードタンクトップ,0,0
cr25ss07116,06,03,cr25ss07116-06-03,4582514477036,マルチウェイレイヤードタンクトップ,0,0
cr25ss07116,09,01,cr25ss07116-09-01,4582514476985,マルチウェイレイヤードタンクトップ,0,0
cr25ss07116,09,02,cr25ss07116-09-02,4582514476992,マルチウェイレイヤードタンクトップ,6,6
cr25ss07116,09,03,cr25ss07116-09-03,4582514477005,マルチウェイレイヤードタンクトップ,0,0
cr25ss11119,09,01,cr25ss11119-09-01,4582514476480,ピンタックスラブストレートパンツ,4,4
cr25ss11119,09,02,cr25ss11119-09-02,4582514476497,ピンタックスラブストレートパンツ,6,6
cr25ss11119,09,03,cr25ss11119-09-03,4582514476503,ピンタックスラブストレートパンツ,9,9
cr25ss11119,83,01,cr25ss11119-83-01,4582514476459,ピンタックスラブストレートパンツ,0,0
cr25ss11119,83,02,cr25ss11119-83-02,4582514476466,ピンタックスラブストレートパンツ,0,0
cr25ss11119,83,03,cr25ss11119-83-03,4582514476473,ピンタックスラブストレートパンツ,0,0
cr25ss11119,84,01,cr25ss11119-84-01,4582514476510,ピンタックスラブストレートパンツ,9,9
cr25ss11119,84,02,cr25ss11119-84-02,4582514476527,ピンタックスラブストレートパンツ,4,4
cr25ss11119,84,03,cr25ss11119-84-03,4582514476534,ピンタックスラブストレートパンツ,7,7
cr25aw11169,06,01,cr25aw11169-06-01,4582514452149,ギャバフリースウォームスラックス,0,0
cr25aw11169,06,02,cr25aw11169-06-02,4582514452156,ギャバフリースウォームスラックス,0,0
cr25aw11169,06,03,cr25aw11169-06-03,4582514452163,ギャバフリースウォームスラックス,0,1
cr25aw11169,06,66,cr25aw11169-06-66,4582514452682,ギャバフリースウォームスラックス,0,0
cr25aw11169,09,01,cr25aw11169-09-01,4582514452118,ギャバフリースウォームスラックス,0,0
cr25aw11169,09,02,cr25aw11169-09-02,4582514452125,ギャバフリースウォームスラックス,0,0
cr25aw11169,09,03,cr25aw11169-09-03,4582514452132,ギャバフリースウォームスラックス,0,0
cr25aw11169,09,66,cr25aw11169-09-66,4582514452675,ギャバフリースウォームスラックス,0,0
cr25aw11169,76,01,cr25aw11169-76-01,4582514452170,ギャバフリースウォームスラックス,0,0
cr25aw11169,76,02,cr25aw11169-76-02,4582514452187,ギャバフリースウォームスラックス,0,0
cr25aw11169,76,03,cr25aw11169-76-03,4582514452194,ギャバフリースウォームスラックス,0,0
cr25aw11169,76,66,cr25aw11169-76-66,4582514452699,ギャバフリースウォームスラックス,0,0
cr25aw14170,90,55,cr25aw14171-90-99,4582514452880,"グロッシーペブルピアス / イヤリング",0,0
cr25aw14170,90,44,cr25aw14170-90-99,4582514452705,"グロッシーペブルピアス / イヤリング",0,0
cr25aw14170,91,55,cr25aw14171-91-99,4582514452897,"グロッシーペブルピアス / イヤリング",0,0
cr25aw14170,91,44,cr25aw14170-91-99,4582514452712,"グロッシーペブルピアス / イヤリング",0,0
cr24aw07707,90,99,cr24aw07707-90-99,4582514472123,マルチウェイドロップネックレス,0,0
cr24aw07707,91,99,cr24aw07707-91-99,4582514472130,マルチウェイドロップネックレス,0,0
cr24aw06708,03,01,cr24aw06708-03-01,4582514473137,カーヴィシームリブプルオーバー,0,0
cr24aw06708,03,02,cr24aw06708-03-02,4582514473144,カーヴィシームリブプルオーバー,0,0
cr24aw06708,03,03,cr24aw06708-03-03,4582514473151,カーヴィシームリブプルオーバー,0,0
cr24aw06708,10,01,cr24aw06708-10-01,4582514473168,カーヴィシームリブプルオーバー,0,0
cr24aw06708,10,02,cr24aw06708-10-02,4582514473175,カーヴィシームリブプルオーバー,0,0
cr24aw06708,10,03,cr24aw06708-10-03,4582514473182,カーヴィシームリブプルオーバー,0,0
cr24aw06708,42,01,cr24aw06708-42-01,4582514473199,カーヴィシームリブプルオーバー,0,0
cr24aw06708,42,02,cr24aw06708-42-02,4582514473205,カーヴィシームリブプルオーバー,0,0
cr24aw06708,42,03,cr24aw06708-42-03,4582514473212,カーヴィシームリブプルオーバー,0,0
cr25aw14134,90,99,cr25aw14134-90-99,4582514451067,ウェイビーアジャスタブルネックレス,0,0
cr25aw14134,91,99,cr25aw14134-91-99,4582514451074,ウェイビーアジャスタブルネックレス,0,0
cr24aw06518,09,01,cr24aw06518-09-01,4582514473441,ジョーゼットシェイプワンピース,0,0
cr24aw06518,09,02,cr24aw06518-09-02,4582514473458,ジョーゼットシェイプワンピース,0,0
cr24aw06518,09,03,cr24aw06518-09-03,4582514473465,ジョーゼットシェイプワンピース,0,0
cr24aw06518,36,01,cr24aw06518-36-01,4582514473410,ジョーゼットシェイプワンピース,0,0
cr24aw06518,36,02,cr24aw06518-36-02,4582514473427,ジョーゼットシェイプワンピース,0,0
cr24aw06518,36,03,cr24aw06518-36-03,4582514473434,ジョーゼットシェイプワンピース,0,0
cr25aw01141P,09,01,cr25aw01141-09-011,45825144505101,"2wayノーカラーパファーコート 受注期間 - 11/17 23:59",635,655
cr25aw01141P,09,02,cr25aw01141-09-021,45825144505271,"2wayノーカラーパファーコート 受注期間 - 11/17 23:59",754,774
cr25aw01141P,09,03,cr25aw01141-09-031,45825144505341,"2wayノーカラーパファーコート 受注期間 - 11/17 23:59",692,712
cr25aw01141P,39,01,cr25aw01141-39-011,45825144505411,"2wayノーカラーパファーコート 受注期間 - 11/17 23:59",290,300
cr25aw01141P,39,02,cr25aw01141-39-021,45825144505581,"2wayノーカラーパファーコート 受注期間 - 11/17 23:59",294,304
cr25aw01141P,39,03,cr25aw01141-39-031,45825144505651,"2wayノーカラーパファーコート 受注期間 - 11/17 23:59",247,257
cr25aw01145P,03,01,cr25aw01145-03-011,45825144506021,"コーデュロイシートダウンコート 受注期間 - 11/17 23:59",18,31
cr25aw01145P,03,02,cr25aw01145-03-021,45825144506191,"コーデュロイシートダウンコート 受注期間 - 11/17 23:59",18,32
cr25aw01145P,03,03,cr25aw01145-03-031,45825144506261,"コーデュロイシートダウンコート 受注期間 - 11/17 23:59",8,22
cr25aw01145P,26,01,cr25aw01145-26-011,45825144505721,"コーデュロイシートダウンコート 受注期間 - 11/17 23:59",85,132
cr25aw01145P,26,02,cr25aw01145-26-021,45825144505891,"コーデュロイシートダウンコート 受注期間 - 11/17 23:59",104,166
cr25aw01145P,26,03,cr25aw01145-26-031,45825144505961,"コーデュロイシートダウンコート 受注期間 - 11/17 23:59",97,156
cr25aw09163P,06,01,cr25aw09163-06-011,45825144527501,"ウールリヨセルハイネックニット 受注期間 - 11/17 23:59",78,132
cr25aw09163P,06,02,cr25aw09163-06-021,45825144524911,"ウールリヨセルハイネックニット 受注期間 - 11/17 23:59",299,309
cr25aw09163P,06,03,cr25aw09163-06-031,45825144525071,"ウールリヨセルハイネックニット 受注期間 - 11/17 23:59",241,251
cr25aw09163P,09,01,cr25aw09163-09-011,45825144527361,"ウールリヨセルハイネックニット 受注期間 - 11/17 23:59",185,191
cr25aw09163P,09,02,cr25aw09163-09-021,45825144524531,"ウールリヨセルハイネックニット 受注期間 - 11/17 23:59",394,409
cr25aw09163P,09,03,cr25aw09163-09-031,45825144524601,"ウールリヨセルハイネックニット 受注期間 - 11/17 23:59",384,399
cr25aw09163P,21,01,cr25aw09163-21-011,45825144527431,"ウールリヨセルハイネックニット 受注期間 - 11/17 23:59",215,222
cr25aw09163P,21,02,cr25aw09163-21-021,45825144524771,"ウールリヨセルハイネックニット 受注期間 - 11/17 23:59",494,509
cr25aw09163P,21,03,cr25aw09163-21-031,45825144524841,"ウールリヨセルハイネックニット 受注期間 - 11/17 23:59",363,373
cr25aw09167P,04,02,cr25aw09167-04-021,45825144795661,"ロービングスラブルーズニット 受注期間 - 11/17 23:59",44,104
cr25aw09167P,04,03,cr25aw09167-04-031,45825144795731,"ロービングスラブルーズニット 受注期間 - 11/17 23:59",62,112
cr25aw09167P,69,02,cr25aw09167-69-021,45825144795421,"ロービングスラブルーズニット 受注期間 - 11/17 23:59",355,367
cr25aw09167P,69,03,cr25aw09167-69-031,45825144795591,"ロービングスラブルーズニット 受注期間 - 11/17 23:59",371,383
cr25aw11169P,06,01,cr25aw11169-06-011,45825144521491,"ギャバフリースウォームスラックス 受注期間 - 11/17 23:59",179,189
cr25aw11169P,06,02,cr25aw11169-06-021,45825144521561,"ギャバフリースウォームスラックス 受注期間 - 11/17 23:59",300,310
cr25aw11169P,06,03,cr25aw11169-06-031,45825144521631,"ギャバフリースウォームスラックス 受注期間 - 11/17 23:59",291,301
cr25aw11169P,06,66,cr25aw11169-06-661,45825144526821,"ギャバフリースウォームスラックス 受注期間 - 11/17 23:59",55,94
cr25aw11169P,09,01,cr25aw11169-09-011,45825144521181,"ギャバフリースウォームスラックス 受注期間 - 11/17 23:59",288,298
cr25aw11169P,09,02,cr25aw11169-09-021,45825144521251,"ギャバフリースウォームスラックス 受注期間 - 11/17 23:59",464,479
cr25aw11169P,09,03,cr25aw11169-09-031,45825144521321,"ギャバフリースウォームスラックス 受注期間 - 11/17 23:59",423,438
cr25aw11169P,09,66,cr25aw11169-09-661,45825144526751,"ギャバフリースウォームスラックス 受注期間 - 11/17 23:59",78,132
cr25aw11169P,76,01,cr25aw11169-76-011,45825144521701,"ギャバフリースウォームスラックス 受注期間 - 11/17 23:59",67,117
cr25aw11169P,76,02,cr25aw11169-76-021,45825144521871,"ギャバフリースウォームスラックス 受注期間 - 11/17 23:59",93,159
cr25aw11169P,76,03,cr25aw11169-76-031,45825144521941,"ギャバフリースウォームスラックス 受注期間 - 11/17 23:59",85,142
cr25aw11169P,76,66,cr25aw11169-76-661,45825144526991,"ギャバフリースウォームスラックス 受注期間 - 11/17 23:59",22,40
cr25aw09168P,04,02,cr25aw09168-04-021,45825144796031,"ロービングスラブニットスカート 受注期間 - 11/17 23:59",29,58
cr25aw09168P,04,03,cr25aw09168-04-031,45825144796101,"ロービングスラブニットスカート 受注期間 - 11/17 23:59",45,80
cr25aw09168P,69,02,cr25aw09168-69-021,45825144795801,"ロービングスラブニットスカート 受注期間 - 11/17 23:59",243,251
cr25aw09168P,69,03,cr25aw09168-69-031,45825144795971,"ロービングスラブニットスカート 受注期間 - 11/17 23:59",335,345
cr25aw07409P,66,99,cr25aw07409-66-991,45825144732501,"モイストタッチボリュームストール 受注期間 - 11/17 23:59",777,797
cr25aw07409P,10,99,cr25aw07409-10-991,45825144732291,"モイストタッチボリュームストール 受注期間 - 11/17 23:59",1915,1935
cr25aw07409P,00,99,cr25aw07409-00-991,45825144732361,"モイストタッチボリュームストール 受注期間 - 11/17 23:59",931,951
cr25aw07409P,49,99,cr25aw07409-49-991,45825144506331,"モイストタッチボリュームストール 受注期間 - 11/17 23:59",540,560
cr25aw07409P,46,99,cr25aw07409-46-991,45825144506401,"モイストタッチボリュームストール 受注期間 - 11/17 23:59",378,388
cr25aw14170P,90,55,cr25aw14171-90-991,45825144528801,"グロッシーペブルピアス / イヤリング 受注期間 - 11/17 23:59",575,595
cr25aw14170P,90,44,cr25aw14170-90-991,45825144527051,"グロッシーペブルピアス / イヤリング 受注期間 - 11/17 23:59",282,292
cr25aw14170P,91,55,cr25aw14171-91-991,45825144528971,"グロッシーペブルピアス / イヤリング 受注期間 - 11/17 23:59",210,220
cr25aw14170P,91,44,cr25aw14170-91-991,45825144527121,"グロッシーペブルピアス / イヤリング 受注期間 - 11/17 23:59",39,99
cr24aw05040P,09,01,cr24aw05040-09-011,45825144707611,"ダブルブレストダウンジャケット 受注期間 - 11/17 23:59",0,0
cr24aw05040P,09,02,cr24aw05040-09-021,45825144707781,"ダブルブレストダウンジャケット 受注期間 - 11/17 23:59",0,0
cr24aw05040P,09,03,cr24aw05040-09-031,45825144707851,"ダブルブレストダウンジャケット 受注期間 - 11/17 23:59",0,0
cr24aw05040P,10,01,cr24aw05040-10-011,45825144707301,"ダブルブレストダウンジャケット 受注期間 - 11/17 23:59",565,565
cr24aw05040P,10,02,cr24aw05040-10-021,45825144707471,"ダブルブレストダウンジャケット 受注期間 - 11/17 23:59",446,446
cr24aw05040P,10,03,cr24aw05040-10-031,45825144707541,"ダブルブレストダウンジャケット 受注期間 - 11/17 23:59",482,482
cr24aw05040P,29,01,cr24aw05040-29-011,45825144707921,"ダブルブレストダウンジャケット 受注期間 - 11/17 23:59",0,0
cr24aw05040P,29,02,cr24aw05040-29-021,45825144708081,"ダブルブレストダウンジャケット 受注期間 - 11/17 23:59",85,85
cr24aw05040P,29,03,cr24aw05040-29-031,45825144708151,"ダブルブレストダウンジャケット 受注期間 - 11/17 23:59",20,20
cr24aw09063,03,02,cr24aw09063-03-02,4582514473755,シャギークルーネックルーズニット,0,0
cr24aw09063,03,03,cr24aw09063-03-03,4582514473762,シャギークルーネックルーズニット,0,0
cr24aw09063,56,02,cr24aw09063-56-02,4582514473731,シャギークルーネックルーズニット,0,0
cr24aw09063,56,03,cr24aw09063-56-03,4582514473748,シャギークルーネックルーズニット,0,0
cr24aw03061,29,01,cr24aw03061-29-01,4582514471171,ツイーディヘリンボンジャケット,0,0
cr24aw03061,29,02,cr24aw03061-29-02,4582514471188,ツイーディヘリンボンジャケット,0,0
cr24aw03061,29,03,cr24aw03061-29-03,4582514471195,ツイーディヘリンボンジャケット,0,0
cr24aw03061,37,01,cr24aw03061-37-01,4582514471140,ツイーディヘリンボンジャケット,0,0
cr24aw03061,37,02,cr24aw03061-37-02,4582514471157,ツイーディヘリンボンジャケット,0,0
cr24aw03061,37,03,cr24aw03061-37-03,4582514471164,ツイーディヘリンボンジャケット,0,0
cr24aw04054,09,01,cr24aw04054-09-01,4582514471294,フェイクレザージップブルゾン,0,0
cr24aw04054,09,02,cr24aw04054-09-02,4582514471300,フェイクレザージップブルゾン,0,0
cr24aw04054,09,03,cr24aw04054-09-03,4582514471317,フェイクレザージップブルゾン,0,0
cr24aw04054,39,01,cr24aw04054-39-01,4582514471324,フェイクレザージップブルゾン,0,0
cr24aw04054,39,02,cr24aw04054-39-02,4582514471331,フェイクレザージップブルゾン,0,0
cr24aw04054,39,03,cr24aw04054-39-03,4582514471348,フェイクレザージップブルゾン,0,0
cr25ss07112,92,01,cr25ss07112-00-01,4582514476954,フォトグラフィープリントTシャツ,0,0
cr25ss07112,92,02,cr25ss07112-00-02,4582514476961,フォトグラフィープリントTシャツ,0,0
cr25ss07112,92,03,cr25ss07112-00-03,4582514476978,フォトグラフィープリントTシャツ,0,0
cr25ss07112,93,01,cr25ss07112-09-01,4582514476923,フォトグラフィープリントTシャツ,0,0
cr25ss07112,93,02,cr25ss07112-09-02,4582514476930,フォトグラフィープリントTシャツ,0,0
cr25ss07112,93,03,cr25ss07112-09-03,4582514476947,フォトグラフィープリントTシャツ,0,0
cr25aw08146,09,01,cr25aw08146-09-01,4582514478804,2wayラフインレーボートネックロンT,0,0
cr25aw08146,09,02,cr25aw08146-09-02,4582514478811,2wayラフインレーボートネックロンT,0,0
cr25aw08146,09,03,cr25aw08146-09-03,4582514478828,2wayラフインレーボートネックロンT,0,0
cr25aw08146,57,01,cr25aw08146-57-01,4582514478835,2wayラフインレーボートネックロンT,0,0
cr25aw08146,57,02,cr25aw08146-57-02,4582514478842,2wayラフインレーボートネックロンT,0,0
cr25aw08146,57,03,cr25aw08146-57-03,4582514478859,2wayラフインレーボートネックロンT,0,0
cr25aw08146,00,01,cr25aw08146-00-01,4582514478774,2wayラフインレーボートネックロンT,0,0
cr25aw08146,00,02,cr25aw08146-00-02,4582514478781,2wayラフインレーボートネックロンT,0,0
cr25aw08146,00,03,cr25aw08146-00-03,4582514478798,2wayラフインレーボートネックロンT,0,0
cr25aw06144,31,01,cr25aw06144-31-01,4582514479740,テンセルコットンピケミニマルシャツ,0,0
cr25aw06144,31,02,cr25aw06144-31-02,4582514479757,テンセルコットンピケミニマルシャツ,0,0
cr25aw06144,31,03,cr25aw06144-31-03,4582514479764,テンセルコットンピケミニマルシャツ,0,0
cr25aw06144,19,01,cr25aw06144-19-01,4582514479719,テンセルコットンピケミニマルシャツ,0,0
cr25aw06144,19,02,cr25aw06144-19-02,4582514479726,テンセルコットンピケミニマルシャツ,0,0
cr25aw06144,19,03,cr25aw06144-19-03,4582514479733,テンセルコットンピケミニマルシャツ,0,0
cr25ss03127,09,01,cr25ss03127-09-01,4582514477845,ポケッタブルストレッチジャケット,0,0
cr25ss03127,09,02,cr25ss03127-09-02,4582514477852,ポケッタブルストレッチジャケット,0,0
cr25ss03127,09,03,cr25ss03127-09-03,4582514477869,ポケッタブルストレッチジャケット,0,0
cr25ss03127,57,01,cr25ss03127-57-01,4582514477814,ポケッタブルストレッチジャケット,0,0
cr25ss03127,57,02,cr25ss03127-57-02,4582514477821,ポケッタブルストレッチジャケット,0,0
cr25ss03127,57,03,cr25ss03127-57-03,4582514477838,ポケッタブルストレッチジャケット,0,0
cr25ss03127,00,01,cr25ss03127-00-01,4582514477784,ポケッタブルストレッチジャケット,0,0
cr25ss03127,00,02,cr25ss03127-00-02,4582514477791,ポケッタブルストレッチジャケット,0,0
cr25ss03127,00,03,cr25ss03127-00-03,4582514477807,ポケッタブルストレッチジャケット,0,0
cr25ss03115,06,01,cr25ss03115-06-01,4582514476602,ショールハーフスリーブジャケット,0,0
cr25ss03115,06,02,cr25ss03115-06-02,4582514476619,ショールハーフスリーブジャケット,0,0
cr25ss03115,06,03,cr25ss03115-06-03,4582514476626,ショールハーフスリーブジャケット,0,0
cr25ss03115,48,01,cr25ss03115-48-01,4582514476633,ショールハーフスリーブジャケット,0,0
cr25ss03115,48,02,cr25ss03115-48-02,4582514476640,ショールハーフスリーブジャケット,0,0
cr25ss03115,48,03,cr25ss03115-48-03,4582514476657,ショールハーフスリーブジャケット,0,0
cr25ss18118,09,01,cr25ss18118-09-01,4582514476664,ボックスタックキャミワンピース,0,0
cr25ss18118,09,02,cr25ss18118-09-02,4582514476671,ボックスタックキャミワンピース,0,0
cr25ss18118,09,03,cr25ss18118-09-03,4582514476688,ボックスタックキャミワンピース,0,0
cr25ss18118,39,01,cr25ss18118-39-01,4582514476695,ボックスタックキャミワンピース,0,0
cr25ss18118,39,02,cr25ss18118-39-02,4582514476701,ボックスタックキャミワンピース,0,0
cr25ss18118,39,03,cr25ss18118-39-03,4582514476718,ボックスタックキャミワンピース,0,0
cr25ss18118,80,01,cr25ss18118-80-01,4582514476725,ボックスタックキャミワンピース,0,0
cr25ss18118,80,02,cr25ss18118-80-02,4582514476732,ボックスタックキャミワンピース,0,0
cr25ss18118,80,03,cr25ss18118-80-03,4582514476749,ボックスタックキャミワンピース,0,0
cr25ss19107,09,01,cr25ss19107-09-01,4582514475568,ラップレイヤードIラインスカート,0,0
cr25ss19107,09,02,cr25ss19107-09-02,4582514475575,ラップレイヤードIラインスカート,0,0
cr25ss19107,09,03,cr25ss19107-09-03,4582514475582,ラップレイヤードIラインスカート,0,0
cr25ss19107,03,01,cr25ss19107-03-01,4582514475537,ラップレイヤードIラインスカート,0,0
cr25ss19107,03,02,cr25ss19107-03-02,4582514475544,ラップレイヤードIラインスカート,0,0
cr25ss19107,03,03,cr25ss19107-03-03,4582514475551,ラップレイヤードIラインスカート,0,0
cr25ss11102,69,01,cr25ss11102-69-01,4582514474707,2wayレイヤードストレートパンツ,0,0
cr25ss11102,69,02,cr25ss11102-69-02,4582514474714,2wayレイヤードストレートパンツ,0,0
cr25ss11102,69,03,cr25ss11102-69-03,4582514474721,2wayレイヤードストレートパンツ,0,0
cr25ss11102,86,01,cr25ss11102-86-01,4582514474738,2wayレイヤードストレートパンツ,0,0
cr25ss11102,86,02,cr25ss11102-86-02,4582514474745,2wayレイヤードストレートパンツ,0,0
cr25ss11102,86,03,cr25ss11102-86-03,4582514474752,2wayレイヤードストレートパンツ,0,0
cr25ss11114,36,01,cr25ss11114-36-01,4582514475216,トリアセテートジャカードパンツ,0,0
cr25ss11114,36,02,cr25ss11114-36-02,4582514475223,トリアセテートジャカードパンツ,0,0
cr25ss11114,36,03,cr25ss11114-36-03,4582514475230,トリアセテートジャカードパンツ,0,0
cr25ss11114,03,01,cr25ss11114-03-01,4582514475247,トリアセテートジャカードパンツ,0,0
cr25ss11114,03,02,cr25ss11114-03-02,4582514475254,トリアセテートジャカードパンツ,0,0
cr25ss11114,03,03,cr25ss11114-03-03,4582514475261,トリアセテートジャカードパンツ,0,0
cr25ss19089,06,01,cr25ss19089-06-01,4582514474523,バックタックナロースカート,0,0
cr25ss19089,06,02,cr25ss19089-06-02,4582514474530,バックタックナロースカート,0,0
cr25ss19089,06,03,cr25ss19089-06-03,4582514474547,バックタックナロースカート,0,0
cr25ss19089,09,01,cr25ss19089-09-01,4582514474493,バックタックナロースカート,0,0
cr25ss19089,09,02,cr25ss19089-09-02,4582514474509,バックタックナロースカート,0,0
cr25ss19089,09,03,cr25ss19089-09-03,4582514474516,バックタックナロースカート,0,0
cr25ss19089,32,01,cr25ss19089-32-01,4582514474554,バックタックナロースカート,0,0
cr25ss19089,32,02,cr25ss19089-32-02,4582514474561,バックタックナロースカート,0,0
cr25ss19089,32,03,cr25ss19089-32-03,4582514474578,バックタックナロースカート,0,0
cr25ss14131,90,99,cr25ss14131-90-99,4582514475377,2wayウォーターパールネックレス,0,0
cr25ss14131,91,99,cr25ss14131-91-99,4582514475360,2wayウォーターパールネックレス,0,0
cr25ss06081,32,01,cr25ss06081-32-01,4582514474615,フルダルスパンフードシャツ,0,0
cr25ss06081,32,02,cr25ss06081-32-02,4582514474622,フルダルスパンフードシャツ,0,0
cr25ss06081,32,03,cr25ss06081-32-03,4582514474639,フルダルスパンフードシャツ,0,0
cr25ss06081,00,01,cr25ss06081-00-01,4582514474585,フルダルスパンフードシャツ,0,0
cr25ss06081,00,02,cr25ss06081-00-02,4582514474592,フルダルスパンフードシャツ,0,0
cr25ss06081,00,03,cr25ss06081-00-03,4582514474608,フルダルスパンフードシャツ,0,0
cr25ss06081,60,01,cr25ss06081-60-01,4582514474646,フルダルスパンフードシャツ,0,0
cr25ss06081,60,02,cr25ss06081-60-02,4582514474653,フルダルスパンフードシャツ,0,0
cr25ss06081,60,03,cr25ss06081-60-03,4582514474660,フルダルスパンフードシャツ,0,0
cr25ss10080,63,01,cr25ss10080-63-01,4582514475643,ソフトカーヴィーデニムパンツ,0,0
cr25ss10080,63,02,cr25ss10080-63-02,4582514475650,ソフトカーヴィーデニムパンツ,0,0
cr25ss10080,63,03,cr25ss10080-63-03,4582514475667,ソフトカーヴィーデニムパンツ,0,0
cr25ss10080,63,00,cr25ss10080-63-00,4582514475636,ソフトカーヴィーデニムパンツ,0,0
cr25ss10080,81,01,cr25ss10080-81-01,4582514475681,ソフトカーヴィーデニムパンツ,0,0
cr25ss10080,81,02,cr25ss10080-81-02,4582514475698,ソフトカーヴィーデニムパンツ,0,0
cr25ss10080,81,03,cr25ss10080-81-03,4582514475704,ソフトカーヴィーデニムパンツ,0,0
cr25ss10080,81,00,cr25ss10080-81-00,4582514475674,ソフトカーヴィーデニムパンツ,0,0
cr25ss03108,09,01,cr25ss03108-09-01,4582514475124,レイヤードシアージャケット,0,0
cr25ss03108,09,02,cr25ss03108-09-02,4582514475131,レイヤードシアージャケット,0,0
cr25ss03108,09,03,cr25ss03108-09-03,4582514475148,レイヤードシアージャケット,0,0
cr25ss03108,32,01,cr25ss03108-32-01,4582514475155,レイヤードシアージャケット,0,0
cr25ss03108,32,02,cr25ss03108-32-02,4582514475162,レイヤードシアージャケット,0,0
cr25ss03108,32,03,cr25ss03108-32-03,4582514475179,レイヤードシアージャケット,0,0
cr25ss03108,79,01,cr25ss03108-79-01,4582514475186,レイヤードシアージャケット,0,0
cr25ss03108,79,02,cr25ss03108-79-02,4582514475193,レイヤードシアージャケット,0,0
cr25ss03108,79,03,cr25ss03108-79-03,4582514475209,レイヤードシアージャケット,0,0
cr25ss07111,09,01,cr25ss07111-09-01,4582514476022,2wayハニカムサーマルカットソー,0,0
cr25ss07111,09,02,cr25ss07111-09-02,4582514476039,2wayハニカムサーマルカットソー,0,0
cr25ss07111,09,03,cr25ss07111-09-03,4582514476046,2wayハニカムサーマルカットソー,0,0
cr25ss07111,60,01,cr25ss07111-60-01,4582514475995,2wayハニカムサーマルカットソー,0,0
cr25ss07111,60,02,cr25ss07111-60-02,4582514476008,2wayハニカムサーマルカットソー,0,0
cr25ss07111,60,03,cr25ss07111-60-03,4582514476015,2wayハニカムサーマルカットソー,0,0
cr25ss07111,28,01,cr25ss07111-28-01,4582514475964,2wayハニカムサーマルカットソー,0,0
cr25ss07111,28,02,cr25ss07111-28-02,4582514475971,2wayハニカムサーマルカットソー,0,0
cr25ss07111,28,03,cr25ss07111-28-03,4582514475988,2wayハニカムサーマルカットソー,0,0
cr25ss06088,69,01,cr25ss06088-69-01,4582514475094,オーバーサイズコットンシャツ,0,0
cr25ss06088,69,02,cr25ss06088-69-02,4582514475100,オーバーサイズコットンシャツ,0,0
cr25ss06088,69,03,cr25ss06088-69-03,4582514475117,オーバーサイズコットンシャツ,0,0
cr25ss06088,11,01,cr25ss06088-11-01,4582514475063,オーバーサイズコットンシャツ,0,0
cr25ss06088,11,02,cr25ss06088-11-02,4582514475070,オーバーサイズコットンシャツ,0,0
cr25ss06088,11,03,cr25ss06088-11-03,4582514475087,オーバーサイズコットンシャツ,0,0
cr25ss08109,02,01,cr25ss08109-02-01,4582514476572,セットインルーズスウェットロンT,0,0
cr25ss08109,02,02,cr25ss08109-02-02,4582514476589,セットインルーズスウェットロンT,0,0
cr25ss08109,02,03,cr25ss08109-02-03,4582514476596,セットインルーズスウェットロンT,0,0
cr25ss08109,69,01,cr25ss08109-69-01,4582514476541,セットインルーズスウェットロンT,0,0
cr25ss08109,69,02,cr25ss08109-69-02,4582514476558,セットインルーズスウェットロンT,0,0
cr25ss08109,69,03,cr25ss08109-69-03,4582514476565,セットインルーズスウェットロンT,0,0
cr25ss19106,01,01,cr25ss19106-01-01,4582514474462,ナイロンドレープマキシスカート,0,0
cr25ss19106,01,02,cr25ss19106-01-02,4582514474479,ナイロンドレープマキシスカート,0,0
cr25ss19106,01,03,cr25ss19106-01-03,4582514474486,ナイロンドレープマキシスカート,0,0
cr25ss19106,09,01,cr25ss19106-09-01,4582514474431,ナイロンドレープマキシスカート,0,0
cr25ss19106,09,02,cr25ss19106-09-02,4582514474448,ナイロンドレープマキシスカート,0,0
cr25ss19106,09,03,cr25ss19106-09-03,4582514474455,ナイロンドレープマキシスカート,0,0
cr24aw06418,09,01,cr24aw06418-09-01,4582514471973,ボックスタックキャミワンピース,0,0
cr24aw06418,09,02,cr24aw06418-09-02,4582514471980,ボックスタックキャミワンピース,0,0
cr24aw06418,09,03,cr24aw06418-09-03,4582514471997,ボックスタックキャミワンピース,0,0
cr24aw06418,36,01,cr24aw06418-36-01,4582514472000,ボックスタックキャミワンピース,0,0
cr24aw06418,36,02,cr24aw06418-36-02,4582514472017,ボックスタックキャミワンピース,0,0
cr24aw06418,36,03,cr24aw06418-36-03,4582514472024,ボックスタックキャミワンピース,0,0
cr24aw06418,68,01,cr24aw06418-68-01,4582514472031,ボックスタックキャミワンピース,0,0
cr24aw06418,68,02,cr24aw06418-68-02,4582514472048,ボックスタックキャミワンピース,0,0
cr24aw06418,68,03,cr24aw06418-68-03,4582514472055,ボックスタックキャミワンピース,0,0
cr24aw06418,39,01,,,ボックスタックキャミワンピース,0,0
cr24aw06418,39,02,,,ボックスタックキャミワンピース,0,0
cr24aw06418,39,03,,,ボックスタックキャミワンピース,0,0
cr24aw06418,80,01,,,ボックスタックキャミワンピース,0,0
cr24aw06418,80,02,,,ボックスタックキャミワンピース,0,0
cr24aw06418,80,03,,,ボックスタックキャミワンピース,0,0
cr24aw05506,69,01,cr24aw05506-69-01,4582514473014,バックステッチレギュラーシャツ,0,0
cr24aw05506,69,02,cr24aw05506-69-02,4582514473021,バックステッチレギュラーシャツ,0,0
cr24aw05506,69,03,cr24aw05506-69-03,4582514473038,バックステッチレギュラーシャツ,0,0
cr24aw05506,29,01,cr24aw05506-29-01,4582514473076,バックステッチレギュラーシャツ,0,0
cr24aw05506,29,02,cr24aw05506-29-02,4582514473083,バックステッチレギュラーシャツ,0,0
cr24aw05506,29,03,cr24aw05506-29-03,4582514473090,バックステッチレギュラーシャツ,0,0
cr24aw05506,65,01,cr24aw05506-65-01,4582514473045,バックステッチレギュラーシャツ,0,0
cr24aw05506,65,02,cr24aw05506-65-02,4582514473052,バックステッチレギュラーシャツ,0,0
cr24aw05506,65,03,cr24aw05506-65-03,4582514473069,バックステッチレギュラーシャツ,0,0
cr24aw05506,88,01,cr24aw05506-88-01,4582514473106,バックステッチレギュラーシャツ,0,0
cr24aw05506,88,02,cr24aw05506-88-02,4582514473113,バックステッチレギュラーシャツ,0,0
cr24aw05506,88,03,cr24aw05506-88-03,4582514473120,バックステッチレギュラーシャツ,0,0
cr25ss08101,69,01,cr25ss08101-69-01,4582514474370,シルクブレンドボートネックロンT,0,3
cr25ss08101,69,02,cr25ss08101-69-02,4582514474387,シルクブレンドボートネックロンT,0,6
cr25ss08101,69,03,cr25ss08101-69-03,4582514474394,シルクブレンドボートネックロンT,0,5
cr25ss08101,00,01,cr25ss08101-00-01,4582514474349,シルクブレンドボートネックロンT,0,5
cr25ss08101,00,02,cr25ss08101-00-02,4582514474356,シルクブレンドボートネックロンT,0,6
cr25ss08101,00,03,cr25ss08101-00-03,4582514474363,シルクブレンドボートネックロンT,0,8
cr25ss08101,89,01,cr25ss08101-89-01,4582514474400,シルクブレンドボートネックロンT,0,23
cr25ss08101,89,02,cr25ss08101-89-02,4582514474417,シルクブレンドボートネックロンT,0,22
cr25ss08101,89,03,cr25ss08101-89-03,4582514474424,シルクブレンドボートネックロンT,0,7
cr25ss08101,12,01,cr25ss08101-12-01,4582514476244,シルクブレンドボートネックロンT,0,3
cr25ss08101,12,02,cr25ss08101-12-02,4582514476251,シルクブレンドボートネックロンT,0,5
cr25ss08101,12,03,cr25ss08101-12-03,4582514476268,シルクブレンドボートネックロンT,0,5
cr25ss01085,05,01,cr25ss01085-05-01,4582514474288,ドレープステンカラーコート,0,0
cr25ss01085,05,02,cr25ss01085-05-02,4582514474295,ドレープステンカラーコート,0,0
cr25ss01085,05,03,cr25ss01085-05-03,4582514474301,ドレープステンカラーコート,0,0
cr25ss01085,31,01,cr25ss01085-31-01,4582514474318,ドレープステンカラーコート,0,0
cr25ss01085,31,02,cr25ss01085-31-02,4582514474325,ドレープステンカラーコート,0,0
cr25ss01085,31,03,cr25ss01085-31-03,4582514474332,ドレープステンカラーコート,0,0
cr25ss01082,04,01,cr25ss01082-04-01,4582514474257,ピーチスキンモッズコート,0,0
cr25ss01082,04,02,cr25ss01082-04-02,4582514474264,ピーチスキンモッズコート,0,0
cr25ss01082,04,03,cr25ss01082-04-03,4582514474271,ピーチスキンモッズコート,0,0
cr25ss01082,39,01,cr25ss01082-39-01,4582514474226,ピーチスキンモッズコート,0,0
cr25ss01082,39,02,cr25ss01082-39-02,4582514474233,ピーチスキンモッズコート,0,0
cr25ss01082,39,03,cr25ss01082-39-03,4582514474240,ピーチスキンモッズコート,0,0
cr25ss06083,69,01,cr25ss06083-69-01,4582514475339,2wayハイネックボウタイシャツ,0,0
cr25ss06083,69,02,cr25ss06083-69-02,4582514475346,2wayハイネックボウタイシャツ,0,0
cr25ss06083,69,03,cr25ss06083-69-03,4582514475353,2wayハイネックボウタイシャツ,0,0
cr25ss06083,62,01,cr25ss06083-62-01,4582514475308,2wayハイネックボウタイシャツ,0,0
cr25ss06083,62,02,cr25ss06083-62-02,4582514475315,2wayハイネックボウタイシャツ,0,0
cr25ss06083,62,03,cr25ss06083-62-03,4582514475322,2wayハイネックボウタイシャツ,0,0
cr24ss06024,57,01,cr24ss06024-57-01,4582514469598,ソフトリネンシアーシャツ,0,0
cr24ss06024,57,02,cr24ss06024-57-02,4582514469604,ソフトリネンシアーシャツ,0,0
cr24ss06024,57,03,cr24ss06024-57-03,4582514469611,ソフトリネンシアーシャツ,0,0
cr24ss19034,04,01,cr24ss19034-04-01,4582514469659,ヴィンテージライクデニムスカート,0,0
cr24ss19034,04,02,cr24ss19034-04-02,4582514469666,ヴィンテージライクデニムスカート,0,0
cr24ss19034,04,03,cr24ss19034-04-03,4582514469673,ヴィンテージライクデニムスカート,0,0
cr24ss19034,09,01,cr24ss19034-09-01,4582514469628,ヴィンテージライクデニムスカート,0,0
cr24ss19034,09,02,cr24ss19034-09-02,4582514469635,ヴィンテージライクデニムスカート,0,0
cr24ss19034,09,03,cr24ss19034-09-03,4582514469642,ヴィンテージライクデニムスカート,0,0
cr24aw09050,07,02,cr24aw09050-07-02,4582514470020,ミックスヤーンクルーネックニット,0,0
cr24aw09050,07,03,cr24aw09050-07-03,4582514470037,ミックスヤーンクルーネックニット,0,0
cr24aw09050,03,02,cr24aw09050-03-02,4582514470044,ミックスヤーンクルーネックニット,0,0
cr24aw09050,03,03,cr24aw09050-03-03,4582514470051,ミックスヤーンクルーネックニット,0,0
cr24aw09050,39,02,cr24aw09050-39-02,4582514470006,ミックスヤーンクルーネックニット,0,0
cr24aw09050,39,03,cr24aw09050-39-03,4582514470013,ミックスヤーンクルーネックニット,0,0
cr24aw09071,69,02,cr24aw09071-69-02,4582514473793,メランジハイネックルーズニット,0,0
cr24aw09071,69,03,cr24aw09071-69-03,4582514473809,メランジハイネックルーズニット,0,0
cr24aw09071,78,02,cr24aw09071-78-02,4582514473779,メランジハイネックルーズニット,0,0
cr24aw09071,78,03,cr24aw09071-78-03,4582514473786,メランジハイネックルーズニット,0,0
cr24aw07409,66,99,cr24aw07409-66-99,,モイストタッチボリュームストール,0,0
cr24aw07409,10,99,cr24aw07409-10-99,,モイストタッチボリュームストール,0,0
cr24aw07409,39,99,cr24aw07409-39-99,4582514473243,モイストタッチボリュームストール,0,0
cr24aw07409,00,99,cr24aw07409-00-99,,モイストタッチボリュームストール,0,0
cr24aw07210,04,01,cr24aw07210-04-01,4582514473960,ソフトツイストデニムワイドパンツ,0,0
cr24aw07210,04,02,cr24aw07210-04-02,4582514473977,ソフトツイストデニムワイドパンツ,0,0
cr24aw07210,04,03,cr24aw07210-04-03,4582514473984,ソフトツイストデニムワイドパンツ,0,0
cr24aw07210,09,01,cr24aw07210-09-01,4582514473472,ソフトツイストデニムワイドパンツ,0,0
cr24aw07210,09,02,cr24aw07210-09-02,4582514473489,ソフトツイストデニムワイドパンツ,0,0
cr24aw07210,09,03,cr24aw07210-09-03,4582514473496,ソフトツイストデニムワイドパンツ,0,0
cr24aw11070,69,01,cr24aw11070-69-01,4582514473502,ウールミックスツィードスラックス,0,0
cr24aw11070,69,02,cr24aw11070-69-02,4582514473519,ウールミックスツィードスラックス,0,0
cr24aw11070,69,03,cr24aw11070-69-03,4582514473526,ウールミックスツィードスラックス,0,0
cr24aw11070,71,01,cr24aw11070-71-01,4582514473533,ウールミックスツィードスラックス,0,0
cr24aw11070,71,02,cr24aw11070-71-02,4582514473540,ウールミックスツィードスラックス,0,0
cr24aw11070,71,03,cr24aw11070-71-03,4582514473557,ウールミックスツィードスラックス,0,0
cr24aw15075,09,99,cr24aw15075-09-99,4582514474066,マルチウェイソフトレザーバッグ,0,0
cr24aw15075,03,99,cr24aw15075-03-99,4582514474073,マルチウェイソフトレザーバッグ,0,0
cr24aw09060,55,05,cr24aw09060-55-77,4582514471034,ケープレイヤードVネックベスト,0,0
cr24aw09060,55,06,cr24aw09060-55-88,4582514471041,ケープレイヤードVネックベスト,0,0
cr24aw09060,10,05,cr24aw09060-10-77,4582514471010,ケープレイヤードVネックベスト,0,0
cr24aw09060,10,06,cr24aw09060-10-88,4582514471027,ケープレイヤードVネックベスト,0,0
cr24aw04701,09,01,cr24aw04701-09-01,4582514472734,2wayウールリバーショートコート,0,0
cr24aw04701,09,02,cr24aw04701-09-02,4582514472741,2wayウールリバーショートコート,0,0
cr24aw04701,09,03,cr24aw04701-09-03,4582514472758,2wayウールリバーショートコート,0,0
cr24aw04701,38,01,cr24aw04701-38-01,4582514472765,2wayウールリバーショートコート,0,0
cr24aw04701,38,02,cr24aw04701-38-02,4582514472772,2wayウールリバーショートコート,0,0
cr24aw04701,38,03,cr24aw04701-38-03,4582514472789,2wayウールリバーショートコート,0,0
cr24aw19059,69,01,cr24aw19059-69-01,4582514470921,キュプラブレンドナロースカート,0,0
cr24aw19059,69,02,cr24aw19059-69-02,4582514470938,キュプラブレンドナロースカート,0,0
cr24aw19059,69,03,cr24aw19059-69-03,4582514470945,キュプラブレンドナロースカート,0,0
cr24aw19059,75,01,cr24aw19059-75-01,4582514470891,キュプラブレンドナロースカート,0,0
cr24aw19059,75,02,cr24aw19059-75-02,4582514470907,キュプラブレンドナロースカート,0,0
cr24aw19059,75,03,cr24aw19059-75-03,4582514470914,キュプラブレンドナロースカート,0,0
cr24ss11029,09,01,cr24ss11029-09-01,4582514469154,サイドタックスラブワイドパンツ,0,0
cr24ss11029,09,02,cr24ss11029-09-02,4582514469161,サイドタックスラブワイドパンツ,0,0
cr24ss11029,09,03,cr24ss11029-09-03,4582514469178,サイドタックスラブワイドパンツ,0,0
cr24ss11029,03,01,cr24ss11029-03-01,4582514469185,サイドタックスラブワイドパンツ,0,0
cr24ss11029,03,02,cr24ss11029-03-02,4582514469192,サイドタックスラブワイドパンツ,0,0
cr24ss11029,03,03,cr24ss11029-03-03,4582514469208,サイドタックスラブワイドパンツ,0,0
cr24ss11029,72,01,cr24ss11029-72-01,4582514469215,サイドタックスラブワイドパンツ,0,0
cr24ss11029,72,02,cr24ss11029-72-02,4582514469222,サイドタックスラブワイドパンツ,0,0
cr24ss11029,72,03,cr24ss11029-72-03,4582514469239,サイドタックスラブワイドパンツ,0,0
cr24ss11029,35,01,cr24ss11029-35-01,4582514469246,サイドタックスラブワイドパンツ,0,0
cr24ss11029,35,02,cr24ss11029-35-02,4582514469253,サイドタックスラブワイドパンツ,0,0
cr24ss11029,35,03,cr24ss11029-35-03,4582514469260,サイドタックスラブワイドパンツ,0,0
cr24ss09036,09,99,cr24ss09036-09-99,4582514469147,マルチウェイジップニットビスチェ,0,0
cr24ss09036,71,99,cr24ss09036-71-99,4582514469130,マルチウェイジップニットビスチェ,0,0
cr24aw06053,00,01,cr24aw06053-00-01,4582514471485,ビッグポケットハイネックブラウス,0,0
cr24aw06053,00,02,cr24aw06053-00-02,4582514471492,ビッグポケットハイネックブラウス,0,0
cr24aw06053,00,03,cr24aw06053-00-03,4582514471508,ビッグポケットハイネックブラウス,0,0
cr24aw06053,75,01,cr24aw06053-75-01,4582514471515,ビッグポケットハイネックブラウス,0,0
cr24aw06053,75,02,cr24aw06053-75-02,4582514471522,ビッグポケットハイネックブラウス,0,0
cr24aw06053,75,03,cr24aw06053-75-03,4582514471539,ビッグポケットハイネックブラウス,0,0
cr24aw23051,07,01,cr24aw23051-07-01,4582514470860,マットサテンカーゴパンツ,0,0
cr24aw23051,07,02,cr24aw23051-07-02,4582514470877,マットサテンカーゴパンツ,0,0
cr24aw23051,07,03,cr24aw23051-07-03,4582514470884,マットサテンカーゴパンツ,0,0
cr24aw23051,09,01,cr24aw23051-09-01,4582514470839,マットサテンカーゴパンツ,0,0
cr24aw23051,09,02,cr24aw23051-09-02,4582514470846,マットサテンカーゴパンツ,0,0
cr24aw23051,09,03,cr24aw23051-09-03,4582514470853,マットサテンカーゴパンツ,0,0
cr24aw07607,90,99,cr24aw07607-90-99,4582514472109,ツイストカーブチェーンネックレス,0,0
cr24aw07607,91,99,cr24aw07607-91-99,4582514472116,ツイストカーブチェーンネックレス,0,0
cr24aw07807,90,99,cr24aw07807-90-99,4582514472147,ツイストカーブチェーンピアス,0,0
cr24aw07807,91,99,cr24aw07807-91-99,4582514472154,ツイストカーブチェーンピアス,0,0
cr24aw07907,90,99,cr24aw07907-90-99,4582514472161,フープライクイヤーカフセット,0,0
cr24aw07907,91,99,cr24aw07907-91-99,4582514472178,フープライクイヤーカフセット,0,0
cr23aw11004,09,01,cr23aw11004-09-01,4582514464357,ウールブレンドスラックス,0,0
cr23aw11004,09,02,cr23aw11004-09-02,4582514464364,ウールブレンドスラックス,0,0
cr23aw11004,09,03,cr23aw11004-09-03,4582514464371,ウールブレンドスラックス,0,0
cr23aw11004,38,01,cr23aw11004-38-01,4582514464388,ウールブレンドスラックス,0,0
cr23aw11004,38,02,cr23aw11004-38-02,4582514464395,ウールブレンドスラックス,0,0
cr23aw11004,38,03,cr23aw11004-38-03,4582514464401,ウールブレンドスラックス,0,0
cr24ss07027,02,01,cr24ss07027-02-01,4582514469475,シルケットピンタックT,0,0
cr24ss07027,02,02,cr24ss07027-02-02,4582514469482,シルケットピンタックT,0,0
cr24ss07027,02,03,cr24ss07027-02-03,4582514469499,シルケットピンタックT,0,0
cr24ss07027,10,01,cr24ss07027-10-01,4582514469505,シルケットピンタックT,0,0
cr24ss07027,10,02,cr24ss07027-10-02,4582514469512,シルケットピンタックT,0,0
cr24ss07027,10,03,cr24ss07027-10-03,4582514469529,シルケットピンタックT,0,0
cr24ss07027,00,01,cr24ss07027-00-01,4582514469536,シルケットピンタックT,0,0
cr24ss07027,00,02,cr24ss07027-00-02,4582514469543,シルケットピンタックT,0,0
cr24ss07027,00,03,cr24ss07027-00-03,4582514469550,シルケットピンタックT,0,0
cr24ss03021,36,01,cr24ss03021-36-01,4582514469444,ハーフスリーブボクシージャケット,0,0
cr24ss03021,36,02,cr24ss03021-36-02,4582514469451,ハーフスリーブボクシージャケット,0,0
cr24ss03021,36,03,cr24ss03021-36-03,4582514469468,ハーフスリーブボクシージャケット,0,0
cr24ss03021,72,01,cr24ss03021-72-01,4582514469413,ハーフスリーブボクシージャケット,0,0
cr24ss03021,72,02,cr24ss03021-72-02,4582514469420,ハーフスリーブボクシージャケット,0,0
cr24ss03021,72,03,cr24ss03021-72-03,4582514469437,ハーフスリーブボクシージャケット,0,0
cr24ss07031,09,01,cr24ss07031-09-01,4582514469352,マルチカラーノースリーブトップス,0,0
cr24ss07031,09,02,cr24ss07031-09-02,4582514469369,マルチカラーノースリーブトップス,0,0
cr24ss07031,09,03,cr24ss07031-09-03,4582514469376,マルチカラーノースリーブトップス,0,0
cr24ss07031,69,01,cr24ss07031-69-01,4582514469383,マルチカラーノースリーブトップス,0,0
cr24ss07031,69,02,cr24ss07031-69-02,4582514469390,マルチカラーノースリーブトップス,0,0
cr24ss07031,69,03,cr24ss07031-69-03,4582514469406,マルチカラーノースリーブトップス,0,0
cr23aw14018,90,99,cr23aw14018-90-00,4582514467174,ツイストチェーンネックレス,0,0
cr23aw14018,91,99,cr23aw14018-91-00,4582514467181,ツイストチェーンネックレス,0,0
cr24ss03033,34,01,cr24ss03033-34-01,4582514468836,ダブルブレストツイルジャケット,0,0
cr24ss03033,34,02,cr24ss03033-34-02,4582514468843,ダブルブレストツイルジャケット,0,0
cr24ss03033,34,03,cr24ss03033-34-03,4582514468850,ダブルブレストツイルジャケット,0,0
cr24ss03033,69,01,cr24ss03033-69-01,4582514468805,ダブルブレストツイルジャケット,0,0
cr24ss03033,69,02,cr24ss03033-69-02,4582514468812,ダブルブレストツイルジャケット,0,0
cr24ss03033,69,03,cr24ss03033-69-03,4582514468829,ダブルブレストツイルジャケット,0,0
cr24ss03033,70,01,cr24ss03033-70-01,4582514468867,ダブルブレストツイルジャケット,0,0
cr24ss03033,70,02,cr24ss03033-70-02,4582514468874,ダブルブレストツイルジャケット,0,0
cr24ss03033,70,03,cr24ss03033-70-03,4582514468881,ダブルブレストツイルジャケット,0,0
cr24ss06031,01,01,cr24ss06031-01-01,4582514468898,フレアスリーブメッシュシャツ,0,0
cr24ss06031,01,02,cr24ss06031-01-02,4582514468904,フレアスリーブメッシュシャツ,0,0
cr24ss06031,01,03,cr24ss06031-01-03,4582514468911,フレアスリーブメッシュシャツ,0,0
cr24ss06031,09,01,cr24ss06031-09-01,4582514468928,フレアスリーブメッシュシャツ,0,0
cr24ss06031,09,02,cr24ss06031-09-02,4582514468935,フレアスリーブメッシュシャツ,0,0
cr24ss06031,09,03,cr24ss06031-09-03,4582514468942,フレアスリーブメッシュシャツ,0,0
cr23aw11005,09,01,cr23aw11005-09-01,4582514467020,ウォッシャブルフレアパンツ,0,0
cr23aw11005,09,02,cr23aw11005-09-02,4582514467037,ウォッシャブルフレアパンツ,0,0
cr23aw11005,09,03,cr23aw11005-09-03,4582514467044,ウォッシャブルフレアパンツ,0,0
cr23aw11005,36,01,cr23aw11005-36-01,4582514467051,ウォッシャブルフレアパンツ,0,0
cr23aw11005,36,02,cr23aw11005-36-02,4582514467068,ウォッシャブルフレアパンツ,0,0
cr23aw11005,36,03,cr23aw11005-36-03,4582514467075,ウォッシャブルフレアパンツ,0,0
cr23aw05003,04,01,cr23aw05003-04-01,4582514466900,スタンドカラーダウンジャケット,0,0
cr23aw05003,04,02,cr23aw05003-04-02,4582514466917,スタンドカラーダウンジャケット,0,0
cr23aw05003,09,01,cr23aw05003-09-01,4582514466924,スタンドカラーダウンジャケット,0,0
cr23aw05003,09,02,cr23aw05003-09-02,4582514466931,スタンドカラーダウンジャケット,0,0
cr23aw05003,67,01,cr23aw05003-67-01,4582514466948,スタンドカラーダウンジャケット,0,0
cr23aw05003,67,02,cr23aw05003-67-02,4582514466955,スタンドカラーダウンジャケット,0,0
cr23aw01002,36,01,cr23aw01002-36-01,4582514464692,ビッグカラーミディコート,0,0
cr23aw01002,36,02,cr23aw01002-36-02,4582514464708,ビッグカラーミディコート,0,0
cr23aw09016,01,01,cr23aw09016-01-01,4582514466962,ブークレークルーネックニット,0,0
cr23aw09016,01,02,cr23aw09016-01-02,4582514466979,ブークレークルーネックニット,0,0
cr23aw09016,10,01,cr23aw09016-10-01,4582514466986,ブークレークルーネックニット,0,0
cr23aw09016,10,02,cr23aw09016-10-02,4582514466993,ブークレークルーネックニット,0,0
cr23aw09016,68,01,cr23aw09016-68-01,4582514467006,ブークレークルーネックニット,0,0
cr23aw09016,68,02,cr23aw09016-68-02,4582514467013,ブークレークルーネックニット,0,0
cr23aw01001,09,01,cr23aw01001-09-01,4582514465033,カスタムメルトンマキシコート,0,0
cr23aw01001,09,02,cr23aw01001-09-02,4582514465040,カスタムメルトンマキシコート,0,0
cr23aw01001,09,03,cr23aw01001-09-03,4582514465057,カスタムメルトンマキシコート,0,0
cr23aw01001,33,01,cr23aw01001-33-01,4582514465064,カスタムメルトンマキシコート,0,0
cr23aw01001,33,02,cr23aw01001-33-02,4582514465071,カスタムメルトンマキシコート,0,0
cr23aw01001,33,03,cr23aw01001-33-03,4582514465088,カスタムメルトンマキシコート,0,0
cr23aw06019,01,01,cr23aw06019-01-01,4582514466733,ボタンスリーブギャザーシャツ,0,0
cr23aw06019,01,02,cr23aw06019-01-02,4582514466740,ボタンスリーブギャザーシャツ,0,0
cr23aw06019,36,01,cr23aw06019-36-01,4582514466757,ボタンスリーブギャザーシャツ,0,0
cr23aw06019,36,02,cr23aw06019-36-02,4582514466764,ボタンスリーブギャザーシャツ,0,0
cr23aw18008,08,01,cr23aw18008-08-01,4582514466849,フロントフライニットワンピース,0,0
cr23aw18008,08,02,cr23aw18008-08-02,4582514466856,フロントフライニットワンピース,0,0
cr23aw18008,08,03,cr23aw18008-08-03,4582514466863,フロントフライニットワンピース,0,0
cr23aw18008,57,01,cr23aw18008-57-01,4582514466870,フロントフライニットワンピース,0,0
cr23aw18008,57,02,cr23aw18008-57-02,4582514466887,フロントフライニットワンピース,0,0
cr23aw18008,57,03,cr23aw18008-57-03,4582514466894,フロントフライニットワンピース,0,0
cr23aw09014,09,01,cr23aw09014-09-01,4582514465095,メランジディープVネックニット,0,0
cr23aw09014,09,02,cr23aw09014-09-02,4582514465101,メランジディープVネックニット,0,0
cr23aw09014,03,01,cr23aw09014-03-01,4582514465118,メランジディープVネックニット,0,0
cr23aw09014,03,02,cr23aw09014-03-02,4582514465125,メランジディープVネックニット,0,0
cr23aw19015,09,01,cr23aw19015-09-01,4582514464630,フェイクレザーナロースカート,0,0
cr23aw19015,09,02,cr23aw19015-09-02,4582514464647,フェイクレザーナロースカート,0,0
cr23aw19015,09,03,cr23aw19015-09-03,4582514464654,フェイクレザーナロースカート,0,0
cr23aw19015,03,01,cr23aw19015-00-01,4582514464661,フェイクレザーナロースカート,0,0
cr23aw19015,03,02,cr23aw19015-00-02,4582514464678,フェイクレザーナロースカート,0,0
cr23aw19015,03,03,cr23aw19015-00-03,4582514464685,フェイクレザーナロースカート,0,0
cr23aw06006,02,01,cr23aw06006-02-01,4582514464333,アセテートパネルシームシャツ,0,0
cr23aw06006,02,02,cr23aw06006-02-02,4582514464340,アセテートパネルシームシャツ,0,0
cr23aw06006,66,01,cr23aw06006-66-01,4582514465712,アセテートパネルシームシャツ,0,0
cr23aw06006,66,02,cr23aw06006-66-02,4582514465729,アセテートパネルシームシャツ,0,0
cr23aw06006,87,01,cr23aw06006-89-01,4582514465705,アセテートパネルシームシャツ,0,0
cr23aw06006,87,02,cr23aw06006-89-02,4582514464326,アセテートパネルシームシャツ,0,0
cr23aw19010,09,01,cr23aw19010-09-01,4582514465613,ドレープサテンマキシスカート,0,0
cr23aw19010,09,02,cr23aw19010-09-02,4582514465620,ドレープサテンマキシスカート,0,0
cr23aw19010,09,03,cr23aw19010-09-03,4582514465637,ドレープサテンマキシスカート,0,0
cr23aw19010,32,01,cr23aw19010-32-01,4582514465644,ドレープサテンマキシスカート,0,0
cr23aw19010,32,02,cr23aw19010-32-02,4582514465651,ドレープサテンマキシスカート,0,0
cr23aw19010,32,03,cr23aw19010-32-03,4582514465668,ドレープサテンマキシスカート,0,0
cr23aw19010,55,01,cr23aw19010-55-01,4582514465675,ドレープサテンマキシスカート,0,0
cr23aw19010,55,02,cr23aw19010-55-02,4582514465682,ドレープサテンマキシスカート,0,0
cr23aw19010,55,03,cr23aw19010-55-03,4582514465699,ドレープサテンマキシスカート,0,0
cr23aw07007,07,01,cr23aw07007-07-01,4582514464258,フロッキーチュールトップス,0,0
cr23aw07007,07,02,cr23aw07007-07-02,4582514464265,フロッキーチュールトップス,0,0
cr23aw07007,09,01,cr23aw07007-09-01,4582514464234,フロッキーチュールトップス,0,0
cr23aw07007,09,02,cr23aw07007-09-02,4582514464241,フロッキーチュールトップス,0,0
cr23aw07007,66,01,cr23aw07007-66-01,4582514464272,フロッキーチュールトップス,0,0
cr23aw07007,66,02,cr23aw07007-66-02,4582514464289,フロッキーチュールトップス,0,0
cr23aw03007,06,01,cr23aw03007-06-01,4582514464593,ヘザーカラーミニマルジャケット,0,0
cr23aw03007,06,02,cr23aw03007-06-02,4582514464609,ヘザーカラーミニマルジャケット,0,0
cr23aw03007,36,01,cr23aw03007-36-01,4582514464616,ヘザーカラーミニマルジャケット,0,0
cr23aw03007,36,02,cr23aw03007-36-02,4582514464623,ヘザーカラーミニマルジャケット,0,0
cr23aw18011,09,01,cr23aw18011-09-01,4582514466559,リングジャカードワンピース,0,0
cr23aw18011,09,02,cr23aw18011-09-02,4582514466566,リングジャカードワンピース,0,0
cr23aw18011,09,03,cr23aw18011-09-03,4582514466573,リングジャカードワンピース,0,0
cr24ss10026,73,01,cr24ss10026-73-01,4582514469284,ソフトカーヴィデニムスラックス,0,0
cr24ss10026,73,02,cr24ss10026-73-02,4582514469291,ソフトカーヴィデニムスラックス,0,0
cr24ss10026,73,03,cr24ss10026-73-03,4582514469307,ソフトカーヴィデニムスラックス,0,0
cr24ss10026,73,00,cr24ss10026-73-00,4582514469277,ソフトカーヴィデニムスラックス,0,0
cr24ss10026,74,01,cr24ss10026-74-01,4582514469321,ソフトカーヴィデニムスラックス,0,0
cr24ss10026,74,02,cr24ss10026-74-02,4582514469338,ソフトカーヴィデニムスラックス,0,0
cr24ss10026,74,03,cr24ss10026-74-03,4582514469345,ソフトカーヴィデニムスラックス,0,0
cr24ss10026,74,00,cr24ss10026-74-00,4582514469314,ソフトカーヴィデニムスラックス,0,0
cr24ss19020,09,01,cr24ss19020-09-01,4582514468980,バックタックナロースカート,0,0
cr24ss19020,09,02,cr24ss19020-09-02,4582514468997,バックタックナロースカート,0,0
cr24ss19020,09,03,cr24ss19020-09-03,4582514469000,バックタックナロースカート,0,0
cr24ss19020,36,01,cr24ss19020-36-01,4582514469017,バックタックナロースカート,0,0
cr24ss19020,36,02,cr24ss19020-36-02,4582514469024,バックタックナロースカート,0,0
cr24ss19020,36,03,cr24ss19020-36-03,4582514469031,バックタックナロースカート,0,0
cr24ss19020,51,01,cr24ss19020-51-01,4582514469048,バックタックナロースカート,0,0
cr24ss19020,51,02,cr24ss19020-51-02,4582514469055,バックタックナロースカート,0,0
cr24ss19020,51,03,cr24ss19020-51-03,4582514469062,バックタックナロースカート,0,0
cr24ss07023,06,01,cr24ss07023-06-01,4582514469079,2wayハニカムサーマルカットソー,0,0
cr24ss07023,06,02,cr24ss07023-06-02,4582514469086,2wayハニカムサーマルカットソー,0,0
cr24ss07023,06,03,cr24ss07023-06-03,4582514469093,2wayハニカムサーマルカットソー,0,0
cr24ss07023,29,01,cr24ss07023-29-01,4582514469109,2wayハニカムサーマルカットソー,0,0
cr24ss07023,29,02,cr24ss07023-29-02,4582514469116,2wayハニカムサーマルカットソー,0,0
cr24ss07023,29,03,cr24ss07023-29-03,4582514469123,2wayハニカムサーマルカットソー,0,0
cr24ss01022,05,01,cr24ss01022-05-01,4582514468775,ドレープステンカラーコート,0,0
cr24ss01022,05,02,cr24ss01022-05-02,4582514468782,ドレープステンカラーコート,0,0
cr24ss01022,05,03,cr24ss01022-05-03,4582514468799,ドレープステンカラーコート,0,0
